key,method,params,psnr
train/pair_00/0077,identity,{},22.68008386596425
train/pair_00/0077,chroma_lowpass,"{""sigma"": 1}",22.691582420099454
train/pair_00/0077,chroma_lowpass,"{""sigma"": 2}",22.712359088310592
train/pair_00/0077,chroma_lowpass,"{""sigma"": 4}",22.75473023427395
train/pair_00/0077,chroma_lowpass,"{""sigma"": 8}",22.77491697541262
train/pair_00/0077,fft_notch,"{""channels"": ""y"", ""k"": 3, ""r0"": 0.02, ""sigma"": 1}",22.68069317934916
train/pair_00/0077,fft_notch,"{""channels"": ""y"", ""k"": 3, ""r0"": 0.02, ""sigma"": 2}",22.681292821167425
train/pair_00/0077,fft_notch,"{""channels"": ""y"", ""k"": 3, ""r0"": 0.02, ""sigma"": 4}",22.681104547721347
train/pair_00/0077,fft_notch,"{""channels"": ""y"", ""k"": 3, ""r0"": 0.04, ""sigma"": 1}",22.68069317934916
train/pair_00/0077,fft_notch,"{""channels"": ""y"", ""k"": 3, ""r0"": 0.04, ""sigma"": 2}",22.681292821167425
train/pair_00/0077,fft_notch,"{""channels"": ""y"", ""k"": 3, ""r0"": 0.04, ""sigma"": 4}",22.681104547721347
train/pair_00/0077,fft_notch,"{""channels"": ""y"", ""k"": 3, ""r0"": 0.08, ""sigma"": 1}",22.68069317934916
train/pair_00/0077,fft_notch,"{""channels"": ""y"", ""k"": 3, ""r0"": 0.08, ""sigma"": 2}",22.681292821167425
train/pair_00/0077,fft_notch,"{""channels"": ""y"", ""k"": 3, ""r0"": 0.08, ""sigma"": 4}",22.681104547721347
train/pair_00/0077,fft_notch,"{""channels"": ""y"", ""k"": 4, ""r0"": 0.02, ""sigma"": 1}",22.680679354639693
train/pair_00/0077,fft_notch,"{""channels"": ""y"", ""k"": 4, ""r0"": 0.02, ""sigma"": 2}",22.681005735746368
train/pair_00/0077,fft_notch,"{""channels"": ""y"", ""k"": 4, ""r0"": 0.02, ""sigma"": 4}",22.681165792755266
train/pair_00/0077,fft_notch,"{""channels"": ""y"", ""k"": 4, ""r0"": 0.04, ""sigma"": 1}",22.680679354639693
train/pair_00/0077,fft_notch,"{""channels"": ""y"", ""k"": 4, ""r0"": 0.04, ""sigma"": 2}",22.681005735746368
train/pair_00/0077,fft_notch,"{""channels"": ""y"", ""k"": 4, ""r0"": 0.04, ""sigma"": 4}",22.681165792755266
train/pair_00/0077,fft_notch,"{""channels"": ""y"", ""k"": 4, ""r0"": 0.08, ""sigma"": 1}",22.680679354639693
train/pair_00/0077,fft_notch,"{""channels"": ""y"", ""k"": 4, ""r0"": 0.08, ""sigma"": 2}",22.681005735746368
train/pair_00/0077,fft_notch,"{""channels"": ""y"", ""k"": 4, ""r0"": 0.08, ""sigma"": 4}",22.681165792755266
train/pair_00/0077,fft_notch,"{""channels"": ""y"", ""k"": 6, ""r0"": 0.02, ""sigma"": 1}",22.679314465705794
train/pair_00/0077,fft_notch,"{""channels"": ""y"", ""k"": 6, ""r0"": 0.02, ""sigma"": 2}",22.679477188899
train/pair_00/0077,fft_notch,"{""channels"": ""y"", ""k"": 6, ""r0"": 0.02, ""sigma"": 4}",22.679578976223663
train/pair_00/0077,fft_notch,"{""channels"": ""y"", ""k"": 6, ""r0"": 0.04, ""sigma"": 1}",22.679314465705794
train/pair_00/0077,fft_notch,"{""channels"": ""y"", ""k"": 6, ""r0"": 0.04, ""sigma"": 2}",22.679477188899
train/pair_00/0077,fft_notch,"{""channels"": ""y"", ""k"": 6, ""r0"": 0.04, ""sigma"": 4}",22.679578976223663
train/pair_00/0077,fft_notch,"{""channels"": ""y"", ""k"": 6, ""r0"": 0.08, ""sigma"": 1}",22.679314465705794
train/pair_00/0077,fft_notch,"{""channels"": ""y"", ""k"": 6, ""r0"": 0.08, ""sigma"": 2}",22.679477188899
train/pair_00/0077,fft_notch,"{""channels"": ""y"", ""k"": 6, ""r0"": 0.08, ""sigma"": 4}",22.679578976223663
train/pair_00/0077,fft_notch,"{""channels"": ""ycc"", ""k"": 3, ""r0"": 0.02, ""sigma"": 1}",22.681604778807127
train/pair_00/0077,fft_notch,"{""channels"": ""ycc"", ""k"": 3, ""r0"": 0.02, ""sigma"": 2}",22.681676697520338
train/pair_00/0077,fft_notch,"{""channels"": ""ycc"", ""k"": 3, ""r0"": 0.02, ""sigma"": 4}",22.68166250165568
train/pair_00/0077,fft_notch,"{""channels"": ""ycc"", ""k"": 3, ""r0"": 0.04, ""sigma"": 1}",22.681604778807127
train/pair_00/0077,fft_notch,"{""channels"": ""ycc"", ""k"": 3, ""r0"": 0.04, ""sigma"": 2}",22.681676697520338
train/pair_00/0077,fft_notch,"{""channels"": ""ycc"", ""k"": 3, ""r0"": 0.04, ""sigma"": 4}",22.68166250165568
train/pair_00/0077,fft_notch,"{""channels"": ""ycc"", ""k"": 3, ""r0"": 0.08, ""sigma"": 1}",22.681604778807127
train/pair_00/0077,fft_notch,"{""channels"": ""ycc"", ""k"": 3, ""r0"": 0.08, ""sigma"": 2}",22.681676697520338
train/pair_00/0077,fft_notch,"{""channels"": ""ycc"", ""k"": 3, ""r0"": 0.08, ""sigma"": 4}",22.68166250165568
train/pair_00/0077,fft_notch,"{""channels"": ""ycc"", ""k"": 4, ""r0"": 0.02, ""sigma"": 1}",22.681676044080916
train/pair_00/0077,fft_notch,"{""channels"": ""ycc"", ""k"": 4, ""r0"": 0.02, ""sigma"": 2}",22.681712121871218
train/pair_00/0077,fft_notch,"{""channels"": ""ycc"", ""k"": 4, ""r0"": 0.02, ""sigma"": 4}",22.68180276001231
train/pair_00/0077,fft_notch,"{""channels"": ""ycc"", ""k"": 4, ""r0"": 0.04, ""sigma"": 1}",22.681676044080916
train/pair_00/0077,fft_notch,"{""channels"": ""ycc"", ""k"": 4, ""r0"": 0.04, ""sigma"": 2}",22.681712121871218
train/pair_00/0077,fft_notch,"{""channels"": ""ycc"", ""k"": 4, ""r0"": 0.04, ""sigma"": 4}",22.68180276001231
train/pair_00/0077,fft_notch,"{""channels"": ""ycc"", ""k"": 4, ""r0"": 0.08, ""sigma"": 1}",22.681676044080916
train/pair_00/0077,fft_notch,"{""channels"": ""ycc"", ""k"": 4, ""r0"": 0.08, ""sigma"": 2}",22.681712121871218
train/pair_00/0077,fft_notch,"{""channels"": ""ycc"", ""k"": 4, ""r0"": 0.08, ""sigma"": 4}",22.68180276001231
train/pair_00/0077,fft_notch,"{""channels"": ""ycc"", ""k"": 6, ""r0"": 0.02, ""sigma"": 1}",22.679875815286078
train/pair_00/0077,fft_notch,"{""channels"": ""ycc"", ""k"": 6, ""r0"": 0.02, ""sigma"": 2}",22.679951617344187
train/pair_00/0077,fft_notch,"{""channels"": ""ycc"", ""k"": 6, ""r0"": 0.02, ""sigma"": 4}",22.67990979169101
train/pair_00/0077,fft_notch,"{""channels"": ""ycc"", ""k"": 6, ""r0"": 0.04, ""sigma"": 1}",22.679875815286078
train/pair_00/0077,fft_notch,"{""channels"": ""ycc"", ""k"": 6, ""r0"": 0.04, ""sigma"": 2}",22.679951617344187
train/pair_00/0077,fft_notch,"{""channels"": ""ycc"", ""k"": 6, ""r0"": 0.04, ""sigma"": 4}",22.67990979169101
train/pair_00/0077,fft_notch,"{""channels"": ""ycc"", ""k"": 6, ""r0"": 0.08, ""sigma"": 1}",22.679875815286078
train/pair_00/0077,fft_notch,"{""channels"": ""ycc"", ""k"": 6, ""r0"": 0.08, ""sigma"": 2}",22.679951617344187
train/pair_00/0077,fft_notch,"{""channels"": ""ycc"", ""k"": 6, ""r0"": 0.08, ""sigma"": 4}",22.67990979169101
train/pair_00/0077,fft_notch_local,"{""channels"": ""y"", ""k"": 3, ""r0"": 0.1, ""sigma"": 1}",22.708597741933353
train/pair_00/0077,fft_notch_local,"{""channels"": ""y"", ""k"": 3, ""r0"": 0.1, ""sigma"": 2}",22.711906292714605
train/pair_00/0077,fft_notch_local,"{""channels"": ""y"", ""k"": 4, ""r0"": 0.1, ""sigma"": 1}",22.70836495375884
train/pair_00/0077,fft_notch_local,"{""channels"": ""y"", ""k"": 4, ""r0"": 0.1, ""sigma"": 2}",22.711546970064326
train/pair_00/0077,fft_notch_local,"{""channels"": ""y"", ""k"": 6, ""r0"": 0.1, ""sigma"": 1}",22.690219824746215
train/pair_00/0077,fft_notch_local,"{""channels"": ""y"", ""k"": 6, ""r0"": 0.1, ""sigma"": 2}",22.691394072306913
train/pair_00/0142,identity,{},10.575989985778849
train/pair_00/0142,chroma_lowpass,"{""sigma"": 1}",10.57620630217539
train/pair_00/0142,chroma_lowpass,"{""sigma"": 2}",10.576228533661906
train/pair_00/0142,chroma_lowpass,"{""sigma"": 4}",10.575750681680836
train/pair_00/0142,chroma_lowpass,"{""sigma"": 8}",10.573767747294841
train/pair_00/0142,fft_notch,"{""channels"": ""y"", ""k"": 3, ""r0"": 0.02, ""sigma"": 1}",10.57657041732326
train/pair_00/0142,fft_notch,"{""channels"": ""y"", ""k"": 3, ""r0"": 0.02, ""sigma"": 2}",10.575845690915848
train/pair_00/0142,fft_notch,"{""channels"": ""y"", ""k"": 3, ""r0"": 0.02, ""sigma"": 4}",10.57595283898213
train/pair_00/0142,fft_notch,"{""channels"": ""y"", ""k"": 3, ""r0"": 0.04, ""sigma"": 1}",10.57657041732326
train/pair_00/0142,fft_notch,"{""channels"": ""y"", ""k"": 3, ""r0"": 0.04, ""sigma"": 2}",10.575845690915848
train/pair_00/0142,fft_notch,"{""channels"": ""y"", ""k"": 3, ""r0"": 0.04, ""sigma"": 4}",10.57595283898213
train/pair_00/0142,fft_notch,"{""channels"": ""y"", ""k"": 3, ""r0"": 0.08, ""sigma"": 1}",10.577037585556042
train/pair_00/0142,fft_notch,"{""channels"": ""y"", ""k"": 3, ""r0"": 0.08, ""sigma"": 2}",10.57676430108057
train/pair_00/0142,fft_notch,"{""channels"": ""y"", ""k"": 3, ""r0"": 0.08, ""sigma"": 4}",10.576755025009039
train/pair_00/0142,fft_notch,"{""channels"": ""y"", ""k"": 4, ""r0"": 0.02, ""sigma"": 1}",10.577622932015041
train/pair_00/0142,fft_notch,"{""channels"": ""y"", ""k"": 4, ""r0"": 0.02, ""sigma"": 2}",10.577379537399626
train/pair_00/0142,fft_notch,"{""channels"": ""y"", ""k"": 4, ""r0"": 0.02, ""sigma"": 4}",10.577121096511004
train/pair_00/0142,fft_notch,"{""channels"": ""y"", ""k"": 4, ""r0"": 0.04, ""sigma"": 1}",10.577622932015041
train/pair_00/0142,fft_notch,"{""channels"": ""y"", ""k"": 4, ""r0"": 0.04, ""sigma"": 2}",10.577379537399626
train/pair_00/0142,fft_notch,"{""channels"": ""y"", ""k"": 4, ""r0"": 0.04, ""sigma"": 4}",10.577121096511004
train/pair_00/0142,fft_notch,"{""channels"": ""y"", ""k"": 4, ""r0"": 0.08, ""sigma"": 1}",10.577622932015041
train/pair_00/0142,fft_notch,"{""channels"": ""y"", ""k"": 4, ""r0"": 0.08, ""sigma"": 2}",10.577379537399626
train/pair_00/0142,fft_notch,"{""channels"": ""y"", ""k"": 4, ""r0"": 0.08, ""sigma"": 4}",10.577121096511004
train/pair_00/0142,fft_notch,"{""channels"": ""y"", ""k"": 6, ""r0"": 0.02, ""sigma"": 1}",10.574629763707176
train/pair_00/0142,fft_notch,"{""channels"": ""y"", ""k"": 6, ""r0"": 0.02, ""sigma"": 2}",10.575035377615796
train/pair_00/0142,fft_notch,"{""channels"": ""y"", ""k"": 6, ""r0"": 0.02, ""sigma"": 4}",10.575254746501628
train/pair_00/0142,fft_notch,"{""channels"": ""y"", ""k"": 6, ""r0"": 0.04, ""sigma"": 1}",10.574629763707176
train/pair_00/0142,fft_notch,"{""channels"": ""y"", ""k"": 6, ""r0"": 0.04, ""sigma"": 2}",10.575035377615796
train/pair_00/0142,fft_notch,"{""channels"": ""y"", ""k"": 6, ""r0"": 0.04, ""sigma"": 4}",10.575254746501628
train/pair_00/0142,fft_notch,"{""channels"": ""y"", ""k"": 6, ""r0"": 0.08, ""sigma"": 1}",10.574629763707176
train/pair_00/0142,fft_notch,"{""channels"": ""y"", ""k"": 6, ""r0"": 0.08, ""sigma"": 2}",10.575035377615796
train/pair_00/0142,fft_notch,"{""channels"": ""y"", ""k"": 6, ""r0"": 0.08, ""sigma"": 4}",10.575254746501628
train/pair_00/0142,fft_notch,"{""channels"": ""ycc"", ""k"": 3, ""r0"": 0.02, ""sigma"": 1}",10.576602439203322
train/pair_00/0142,fft_notch,"{""channels"": ""ycc"", ""k"": 3, ""r0"": 0.02, ""sigma"": 2}",10.575855324612037
train/pair_00/0142,fft_notch,"{""channels"": ""ycc"", ""k"": 3, ""r0"": 0.02, ""sigma"": 4}",10.575961898996129
train/pair_00/0142,fft_notch,"{""channels"": ""ycc"", ""k"": 3, ""r0"": 0.04, ""sigma"": 1}",10.576602439203322
train/pair_00/0142,fft_notch,"{""channels"": ""ycc"", ""k"": 3, ""r0"": 0.04, ""sigma"": 2}",10.575855324612037
train/pair_00/0142,fft_notch,"{""channels"": ""ycc"", ""k"": 3, ""r0"": 0.04, ""sigma"": 4}",10.575961898996129
train/pair_00/0142,fft_notch,"{""channels"": ""ycc"", ""k"": 3, ""r0"": 0.08, ""sigma"": 1}",10.577099358845818
train/pair_00/0142,fft_notch,"{""channels"": ""ycc"", ""k"": 3, ""r0"": 0.08, ""sigma"": 2}",10.576806116360792
train/pair_00/0142,fft_notch,"{""channels"": ""ycc"", ""k"": 3, ""r0"": 0.08, ""sigma"": 4}",10.576798129870467
train/pair_00/0142,fft_notch,"{""channels"": ""ycc"", ""k"": 4, ""r0"": 0.02, ""sigma"": 1}",10.577658071706582
train/pair_00/0142,fft_notch,"{""channels"": ""ycc"", ""k"": 4, ""r0"": 0.02, ""sigma"": 2}",10.577387777727019
train/pair_00/0142,fft_notch,"{""channels"": ""ycc"", ""k"": 4, ""r0"": 0.02, ""sigma"": 4}",10.577149865281728
train/pair_00/0142,fft_notch,"{""channels"": ""ycc"", ""k"": 4, ""r0"": 0.04, ""sigma"": 1}",10.577658071706582
train/pair_00/0142,fft_notch,"{""channels"": ""ycc"", ""k"": 4, ""r0"": 0.04, ""sigma"": 2}",10.577387777727019
train/pair_00/0142,fft_notch,"{""channels"": ""ycc"", ""k"": 4, ""r0"": 0.04, ""sigma"": 4}",10.577149865281728
train/pair_00/0142,fft_notch,"{""channels"": ""ycc"", ""k"": 4, ""r0"": 0.08, ""sigma"": 1}",10.577658071706582
train/pair_00/0142,fft_notch,"{""channels"": ""ycc"", ""k"": 4, ""r0"": 0.08, ""sigma"": 2}",10.577387777727019
train/pair_00/0142,fft_notch,"{""channels"": ""ycc"", ""k"": 4, ""r0"": 0.08, ""sigma"": 4}",10.577149865281728
train/pair_00/0142,fft_notch,"{""channels"": ""ycc"", ""k"": 6, ""r0"": 0.02, ""sigma"": 1}",10.57516554934832
train/pair_00/0142,fft_notch,"{""channels"": ""ycc"", ""k"": 6, ""r0"": 0.02, ""sigma"": 2}",10.575420799458751
train/pair_00/0142,fft_notch,"{""channels"": ""ycc"", ""k"": 6, ""r0"": 0.02, ""sigma"": 4}",10.575547490583762
train/pair_00/0142,fft_notch,"{""channels"": ""ycc"", ""k"": 6, ""r0"": 0.04, ""sigma"": 1}",10.57516554934832
train/pair_00/0142,fft_notch,"{""channels"": ""ycc"", ""k"": 6, ""r0"": 0.04, ""sigma"": 2}",10.575420799458751
train/pair_00/0142,fft_notch,"{""channels"": ""ycc"", ""k"": 6, ""r0"": 0.04, ""sigma"": 4}",10.575547490583762
train/pair_00/0142,fft_notch,"{""channels"": ""ycc"", ""k"": 6, ""r0"": 0.08, ""sigma"": 1}",10.57516554934832
train/pair_00/0142,fft_notch,"{""channels"": ""ycc"", ""k"": 6, ""r0"": 0.08, ""sigma"": 2}",10.575420799458751
train/pair_00/0142,fft_notch,"{""channels"": ""ycc"", ""k"": 6, ""r0"": 0.08, ""sigma"": 4}",10.575547490583762
train/pair_00/0142,fft_notch_local,"{""channels"": ""y"", ""k"": 3, ""r0"": 0.1, ""sigma"": 1}",10.628864071342857
train/pair_00/0142,fft_notch_local,"{""channels"": ""y"", ""k"": 3, ""r0"": 0.1, ""sigma"": 2}",10.638434370860669
train/pair_00/0142,fft_notch_local,"{""channels"": ""y"", ""k"": 4, ""r0"": 0.1, ""sigma"": 1}",10.621650787819101
train/pair_00/0142,fft_notch_local,"{""channels"": ""y"", ""k"": 4, ""r0"": 0.1, ""sigma"": 2}",10.629440889474946
train/pair_00/0142,fft_notch_local,"{""channels"": ""y"", ""k"": 6, ""r0"": 0.1, ""sigma"": 1}",10.580137570238593
train/pair_00/0142,fft_notch_local,"{""channels"": ""y"", ""k"": 6, ""r0"": 0.1, ""sigma"": 2}",10.580077352735202
train/pair_01/0133,identity,{},8.578165552830164
train/pair_01/0133,chroma_lowpass,"{""sigma"": 1}",8.580523184549671
train/pair_01/0133,chroma_lowpass,"{""sigma"": 2}",8.582398723764788
train/pair_01/0133,chroma_lowpass,"{""sigma"": 4}",8.583772466174258
train/pair_01/0133,chroma_lowpass,"{""sigma"": 8}",8.58412923140966
train/pair_01/0133,fft_notch,"{""channels"": ""y"", ""k"": 3, ""r0"": 0.02, ""sigma"": 1}",8.579120055311957
train/pair_01/0133,fft_notch,"{""channels"": ""y"", ""k"": 3, ""r0"": 0.02, ""sigma"": 2}",8.579177467309703
train/pair_01/0133,fft_notch,"{""channels"": ""y"", ""k"": 3, ""r0"": 0.02, ""sigma"": 4}",8.579410743953666
train/pair_01/0133,fft_notch,"{""channels"": ""y"", ""k"": 3, ""r0"": 0.04, ""sigma"": 1}",8.579120055311957
train/pair_01/0133,fft_notch,"{""channels"": ""y"", ""k"": 3, ""r0"": 0.04, ""sigma"": 2}",8.579177467309703
train/pair_01/0133,fft_notch,"{""channels"": ""y"", ""k"": 3, ""r0"": 0.04, ""sigma"": 4}",8.579410743953666
train/pair_01/0133,fft_notch,"{""channels"": ""y"", ""k"": 3, ""r0"": 0.08, ""sigma"": 1}",8.579120055311957
train/pair_01/0133,fft_notch,"{""channels"": ""y"", ""k"": 3, ""r0"": 0.08, ""sigma"": 2}",8.579177467309703
train/pair_01/0133,fft_notch,"{""channels"": ""y"", ""k"": 3, ""r0"": 0.08, ""sigma"": 4}",8.579410743953666
train/pair_01/0133,fft_notch,"{""channels"": ""y"", ""k"": 4, ""r0"": 0.02, ""sigma"": 1}",8.579566723387526
train/pair_01/0133,fft_notch,"{""channels"": ""y"", ""k"": 4, ""r0"": 0.02, ""sigma"": 2}",8.579201425184275
train/pair_01/0133,fft_notch,"{""channels"": ""y"", ""k"": 4, ""r0"": 0.02, ""sigma"": 4}",8.579083189013357
train/pair_01/0133,fft_notch,"{""channels"": ""y"", ""k"": 4, ""r0"": 0.04, ""sigma"": 1}",8.579566723387526
train/pair_01/0133,fft_notch,"{""channels"": ""y"", ""k"": 4, ""r0"": 0.04, ""sigma"": 2}",8.579201425184275
train/pair_01/0133,fft_notch,"{""channels"": ""y"", ""k"": 4, ""r0"": 0.04, ""sigma"": 4}",8.579083189013357
train/pair_01/0133,fft_notch,"{""channels"": ""y"", ""k"": 4, ""r0"": 0.08, ""sigma"": 1}",8.579566723387526
train/pair_01/0133,fft_notch,"{""channels"": ""y"", ""k"": 4, ""r0"": 0.08, ""sigma"": 2}",8.579201425184275
train/pair_01/0133,fft_notch,"{""channels"": ""y"", ""k"": 4, ""r0"": 0.08, ""sigma"": 4}",8.579083189013357
train/pair_01/0133,fft_notch,"{""channels"": ""y"", ""k"": 6, ""r0"": 0.02, ""sigma"": 1}",8.580025489761539
train/pair_01/0133,fft_notch,"{""channels"": ""y"", ""k"": 6, ""r0"": 0.02, ""sigma"": 2}",8.58010130451191
train/pair_01/0133,fft_notch,"{""channels"": ""y"", ""k"": 6, ""r0"": 0.02, ""sigma"": 4}",8.579781604615992
train/pair_01/0133,fft_notch,"{""channels"": ""y"", ""k"": 6, ""r0"": 0.04, ""sigma"": 1}",8.580025489761539
train/pair_01/0133,fft_notch,"{""channels"": ""y"", ""k"": 6, ""r0"": 0.04, ""sigma"": 2}",8.58010130451191
train/pair_01/0133,fft_notch,"{""channels"": ""y"", ""k"": 6, ""r0"": 0.04, ""sigma"": 4}",8.579781604615992
train/pair_01/0133,fft_notch,"{""channels"": ""y"", ""k"": 6, ""r0"": 0.08, ""sigma"": 1}",8.580025489761539
train/pair_01/0133,fft_notch,"{""channels"": ""y"", ""k"": 6, ""r0"": 0.08, ""sigma"": 2}",8.58010130451191
train/pair_01/0133,fft_notch,"{""channels"": ""y"", ""k"": 6, ""r0"": 0.08, ""sigma"": 4}",8.579781604615992
train/pair_01/0133,fft_notch,"{""channels"": ""ycc"", ""k"": 3, ""r0"": 0.02, ""sigma"": 1}",8.578737473268799
train/pair_01/0133,fft_notch,"{""channels"": ""ycc"", ""k"": 3, ""r0"": 0.02, ""sigma"": 2}",8.579003814286985
train/pair_01/0133,fft_notch,"{""channels"": ""ycc"", ""k"": 3, ""r0"": 0.02, ""sigma"": 4}",8.579369676519024
train/pair_01/0133,fft_notch,"{""channels"": ""ycc"", ""k"": 3, ""r0"": 0.04, ""sigma"": 1}",8.578737473268799
train/pair_01/0133,fft_notch,"{""channels"": ""ycc"", ""k"": 3, ""r0"": 0.04, ""sigma"": 2}",8.579003814286985
train/pair_01/0133,fft_notch,"{""channels"": ""ycc"", ""k"": 3, ""r0"": 0.04, ""sigma"": 4}",8.579369676519024
train/pair_01/0133,fft_notch,"{""channels"": ""ycc"", ""k"": 3, ""r0"": 0.08, ""sigma"": 1}",8.578737473268799
train/pair_01/0133,fft_notch,"{""channels"": ""ycc"", ""k"": 3, ""r0"": 0.08, ""sigma"": 2}",8.579003814286985
train/pair_01/0133,fft_notch,"{""channels"": ""ycc"", ""k"": 3, ""r0"": 0.08, ""sigma"": 4}",8.579369676519024
train/pair_01/0133,fft_notch,"{""channels"": ""ycc"", ""k"": 4, ""r0"": 0.02, ""sigma"": 1}",8.579123211902006
train/pair_01/0133,fft_notch,"{""channels"": ""ycc"", ""k"": 4, ""r0"": 0.02, ""sigma"": 2}",8.57896458229218
train/pair_01/0133,fft_notch,"{""channels"": ""ycc"", ""k"": 4, ""r0"": 0.02, ""sigma"": 4}",8.578917339943288
train/pair_01/0133,fft_notch,"{""channels"": ""ycc"", ""k"": 4, ""r0"": 0.04, ""sigma"": 1}",8.579123211902006
train/pair_01/0133,fft_notch,"{""channels"": ""ycc"", ""k"": 4, ""r0"": 0.04, ""sigma"": 2}",8.57896458229218
train/pair_01/0133,fft_notch,"{""channels"": ""ycc"", ""k"": 4, ""r0"": 0.04, ""sigma"": 4}",8.578917339943288
train/pair_01/0133,fft_notch,"{""channels"": ""ycc"", ""k"": 4, ""r0"": 0.08, ""sigma"": 1}",8.579123211902006
train/pair_01/0133,fft_notch,"{""channels"": ""ycc"", ""k"": 4, ""r0"": 0.08, ""sigma"": 2}",8.57896458229218
train/pair_01/0133,fft_notch,"{""channels"": ""ycc"", ""k"": 4, ""r0"": 0.08, ""sigma"": 4}",8.578917339943288
train/pair_01/0133,fft_notch,"{""channels"": ""ycc"", ""k"": 6, ""r0"": 0.02, ""sigma"": 1}",8.579777739275311
train/pair_01/0133,fft_notch,"{""channels"": ""ycc"", ""k"": 6, ""r0"": 0.02, ""sigma"": 2}",8.579672829943433
train/pair_01/0133,fft_notch,"{""channels"": ""ycc"", ""k"": 6, ""r0"": 0.02, ""sigma"": 4}",8.579512442289209
train/pair_01/0133,fft_notch,"{""channels"": ""ycc"", ""k"": 6, ""r0"": 0.04, ""sigma"": 1}",8.579777739275311
train/pair_01/0133,fft_notch,"{""channels"": ""ycc"", ""k"": 6, ""r0"": 0.04, ""sigma"": 2}",8.579672829943433
train/pair_01/0133,fft_notch,"{""channels"": ""ycc"", ""k"": 6, ""r0"": 0.04, ""sigma"": 4}",8.579512442289209
train/pair_01/0133,fft_notch,"{""channels"": ""ycc"", ""k"": 6, ""r0"": 0.08, ""sigma"": 1}",8.579777739275311
train/pair_01/0133,fft_notch,"{""channels"": ""ycc"", ""k"": 6, ""r0"": 0.08, ""sigma"": 2}",8.579672829943433
train/pair_01/0133,fft_notch,"{""channels"": ""ycc"", ""k"": 6, ""r0"": 0.08, ""sigma"": 4}",8.579512442289209
train/pair_01/0133,fft_notch_local,"{""channels"": ""y"", ""k"": 3, ""r0"": 0.1, ""sigma"": 1}",8.624404493423699
train/pair_01/0133,fft_notch_local,"{""channels"": ""y"", ""k"": 3, ""r0"": 0.1, ""sigma"": 2}",8.640971893938623
train/pair_01/0133,fft_notch_local,"{""channels"": ""y"", ""k"": 4, ""r0"": 0.1, ""sigma"": 1}",8.605394408852106
train/pair_01/0133,fft_notch_local,"{""channels"": ""y"", ""k"": 4, ""r0"": 0.1, ""sigma"": 2}",8.609615063019325
train/pair_01/0133,fft_notch_local,"{""channels"": ""y"", ""k"": 6, ""r0"": 0.1, ""sigma"": 1}",8.579323063567143
train/pair_01/0133,fft_notch_local,"{""channels"": ""y"", ""k"": 6, ""r0"": 0.1, ""sigma"": 2}",8.579334240074443
train/pair_15/0135,identity,{},9.168259213204571
train/pair_15/0135,chroma_lowpass,"{""sigma"": 1}",9.169418500880003
train/pair_15/0135,chroma_lowpass,"{""sigma"": 2}",9.171017576676363
train/pair_15/0135,chroma_lowpass,"{""sigma"": 4}",9.174432203245026
train/pair_15/0135,chroma_lowpass,"{""sigma"": 8}",9.178030633164553
train/pair_15/0135,fft_notch,"{""channels"": ""y"", ""k"": 3, ""r0"": 0.02, ""sigma"": 1}",9.159602474283465
train/pair_15/0135,fft_notch,"{""channels"": ""y"", ""k"": 3, ""r0"": 0.02, ""sigma"": 2}",9.14957713746028
train/pair_15/0135,fft_notch,"{""channels"": ""y"", ""k"": 3, ""r0"": 0.02, ""sigma"": 4}",9.134972161867235
train/pair_15/0135,fft_notch,"{""channels"": ""y"", ""k"": 3, ""r0"": 0.04, ""sigma"": 1}",9.162281755035618
train/pair_15/0135,fft_notch,"{""channels"": ""y"", ""k"": 3, ""r0"": 0.04, ""sigma"": 2}",9.159264467497865
train/pair_15/0135,fft_notch,"{""channels"": ""y"", ""k"": 3, ""r0"": 0.04, ""sigma"": 4}",9.162436111699868
train/pair_15/0135,fft_notch,"{""channels"": ""y"", ""k"": 3, ""r0"": 0.08, ""sigma"": 1}",9.16771783624268
train/pair_15/0135,fft_notch,"{""channels"": ""y"", ""k"": 3, ""r0"": 0.08, ""sigma"": 2}",9.166972628835612
train/pair_15/0135,fft_notch,"{""channels"": ""y"", ""k"": 3, ""r0"": 0.08, ""sigma"": 4}",9.168978291824288
train/pair_15/0135,fft_notch,"{""channels"": ""y"", ""k"": 4, ""r0"": 0.02, ""sigma"": 1}",9.166808142518828
train/pair_15/0135,fft_notch,"{""channels"": ""y"", ""k"": 4, ""r0"": 0.02, ""sigma"": 2}",9.16760381245545
train/pair_15/0135,fft_notch,"{""channels"": ""y"", ""k"": 4, ""r0"": 0.02, ""sigma"": 4}",9.16800902520523
train/pair_15/0135,fft_notch,"{""channels"": ""y"", ""k"": 4, ""r0"": 0.04, ""sigma"": 1}",9.166808142518828
train/pair_15/0135,fft_notch,"{""channels"": ""y"", ""k"": 4, ""r0"": 0.04, ""sigma"": 2}",9.16760381245545
train/pair_15/0135,fft_notch,"{""channels"": ""y"", ""k"": 4, ""r0"": 0.04, ""sigma"": 4}",9.16800902520523
train/pair_15/0135,fft_notch,"{""channels"": ""y"", ""k"": 4, ""r0"": 0.08, ""sigma"": 1}",9.166808142518828
train/pair_15/0135,fft_notch,"{""channels"": ""y"", ""k"": 4, ""r0"": 0.08, ""sigma"": 2}",9.16760381245545
train/pair_15/0135,fft_notch,"{""channels"": ""y"", ""k"": 4, ""r0"": 0.08, ""sigma"": 4}",9.16800902520523
train/pair_15/0135,fft_notch,"{""channels"": ""y"", ""k"": 6, ""r0"": 0.02, ""sigma"": 1}",9.169276246846628
train/pair_15/0135,fft_notch,"{""channels"": ""y"", ""k"": 6, ""r0"": 0.02, ""sigma"": 2}",9.168889971769596
train/pair_15/0135,fft_notch,"{""channels"": ""y"", ""k"": 6, ""r0"": 0.02, ""sigma"": 4}",9.168838746970192
train/pair_15/0135,fft_notch,"{""channels"": ""y"", ""k"": 6, ""r0"": 0.04, ""sigma"": 1}",9.169276246846628
train/pair_15/0135,fft_notch,"{""channels"": ""y"", ""k"": 6, ""r0"": 0.04, ""sigma"": 2}",9.168889971769596
train/pair_15/0135,fft_notch,"{""channels"": ""y"", ""k"": 6, ""r0"": 0.04, ""sigma"": 4}",9.168838746970192
train/pair_15/0135,fft_notch,"{""channels"": ""y"", ""k"": 6, ""r0"": 0.08, ""sigma"": 1}",9.169276246846628
train/pair_15/0135,fft_notch,"{""channels"": ""y"", ""k"": 6, ""r0"": 0.08, ""sigma"": 2}",9.168889971769596
train/pair_15/0135,fft_notch,"{""channels"": ""y"", ""k"": 6, ""r0"": 0.08, ""sigma"": 4}",9.168838746970192
train/pair_15/0135,fft_notch,"{""channels"": ""ycc"", ""k"": 3, ""r0"": 0.02, ""sigma"": 1}",9.159611063522696
train/pair_15/0135,fft_notch,"{""channels"": ""ycc"", ""k"": 3, ""r0"": 0.02, ""sigma"": 2}",9.149591068453859
train/pair_15/0135,fft_notch,"{""channels"": ""ycc"", ""k"": 3, ""r0"": 0.02, ""sigma"": 4}",9.134995467755163
train/pair_15/0135,fft_notch,"{""channels"": ""ycc"", ""k"": 3, ""r0"": 0.04, ""sigma"": 1}",9.162302567862618
train/pair_15/0135,fft_notch,"{""channels"": ""ycc"", ""k"": 3, ""r0"": 0.04, ""sigma"": 2}",9.15926744626858
train/pair_15/0135,fft_notch,"{""channels"": ""ycc"", ""k"": 3, ""r0"": 0.04, ""sigma"": 4}",9.162440316048542
train/pair_15/0135,fft_notch,"{""channels"": ""ycc"", ""k"": 3, ""r0"": 0.08, ""sigma"": 1}",9.1677126575623
train/pair_15/0135,fft_notch,"{""channels"": ""ycc"", ""k"": 3, ""r0"": 0.08, ""sigma"": 2}",9.166974654906163
train/pair_15/0135,fft_notch,"{""channels"": ""ycc"", ""k"": 3, ""r0"": 0.08, ""sigma"": 4}",9.168984931456144
train/pair_15/0135,fft_notch,"{""channels"": ""ycc"", ""k"": 4, ""r0"": 0.02, ""sigma"": 1}",9.16717570730311
train/pair_15/0135,fft_notch,"{""channels"": ""ycc"", ""k"": 4, ""r0"": 0.02, ""sigma"": 2}",9.167617396312755
train/pair_15/0135,fft_notch,"{""channels"": ""ycc"", ""k"": 4, ""r0"": 0.02, ""sigma"": 4}",9.168048075328384
train/pair_15/0135,fft_notch,"{""channels"": ""ycc"", ""k"": 4, ""r0"": 0.04, ""sigma"": 1}",9.16717570730311
train/pair_15/0135,fft_notch,"{""channels"": ""ycc"", ""k"": 4, ""r0"": 0.04, ""sigma"": 2}",9.167617396312755
train/pair_15/0135,fft_notch,"{""channels"": ""ycc"", ""k"": 4, ""r0"": 0.04, ""sigma"": 4}",9.168048075328384
train/pair_15/0135,fft_notch,"{""channels"": ""ycc"", ""k"": 4, ""r0"": 0.08, ""sigma"": 1}",9.16717570730311
train/pair_15/0135,fft_notch,"{""channels"": ""ycc"", ""k"": 4, ""r0"": 0.08, ""sigma"": 2}",9.167617396312755
train/pair_15/0135,fft_notch,"{""channels"": ""ycc"", ""k"": 4, ""r0"": 0.08, ""sigma"": 4}",9.168048075328384
train/pair_15/0135,fft_notch,"{""channels"": ""ycc"", ""k"": 6, ""r0"": 0.02, ""sigma"": 1}",9.16935309739696
train/pair_15/0135,fft_notch,"{""channels"": ""ycc"", ""k"": 6, ""r0"": 0.02, ""sigma"": 2}",9.168948476901054
train/pair_15/0135,fft_notch,"{""channels"": ""ycc"", ""k"": 6, ""r0"": 0.02, ""sigma"": 4}",9.168856964837401
train/pair_15/0135,fft_notch,"{""channels"": ""ycc"", ""k"": 6, ""r0"": 0.04, ""sigma"": 1}",9.16935309739696
train/pair_15/0135,fft_notch,"{""channels"": ""ycc"", ""k"": 6, ""r0"": 0.04, ""sigma"": 2}",9.168948476901054
train/pair_15/0135,fft_notch,"{""channels"": ""ycc"", ""k"": 6, ""r0"": 0.04, ""sigma"": 4}",9.168856964837401
train/pair_15/0135,fft_notch,"{""channels"": ""ycc"", ""k"": 6, ""r0"": 0.08, ""sigma"": 1}",9.16935309739696
train/pair_15/0135,fft_notch,"{""channels"": ""ycc"", ""k"": 6, ""r0"": 0.08, ""sigma"": 2}",9.168948476901054
train/pair_15/0135,fft_notch,"{""channels"": ""ycc"", ""k"": 6, ""r0"": 0.08, ""sigma"": 4}",9.168856964837401
train/pair_15/0135,fft_notch_local,"{""channels"": ""y"", ""k"": 3, ""r0"": 0.1, ""sigma"": 1}",9.210063139240056
train/pair_15/0135,fft_notch_local,"{""channels"": ""y"", ""k"": 3, ""r0"": 0.1, ""sigma"": 2}",9.216546538412672
train/pair_15/0135,fft_notch_local,"{""channels"": ""y"", ""k"": 4, ""r0"": 0.1, ""sigma"": 1}",9.204526839362613
train/pair_15/0135,fft_notch_local,"{""channels"": ""y"", ""k"": 4, ""r0"": 0.1, ""sigma"": 2}",9.207728734796252
train/pair_15/0135,fft_notch_local,"{""channels"": ""y"", ""k"": 6, ""r0"": 0.1, ""sigma"": 1}",9.17412939201929
train/pair_15/0135,fft_notch_local,"{""channels"": ""y"", ""k"": 6, ""r0"": 0.1, ""sigma"": 2}",9.174236374129505
train/pair_19/0035,identity,{},20.259355065271105
train/pair_19/0035,chroma_lowpass,"{""sigma"": 1}",20.263846053163235
train/pair_19/0035,chroma_lowpass,"{""sigma"": 2}",20.269932242184616
train/pair_19/0035,chroma_lowpass,"{""sigma"": 4}",20.280416929854958
train/pair_19/0035,chroma_lowpass,"{""sigma"": 8}",20.285248728849204
train/pair_19/0035,fft_notch,"{""channels"": ""y"", ""k"": 3, ""r0"": 0.02, ""sigma"": 1}",20.25989082457228
train/pair_19/0035,fft_notch,"{""channels"": ""y"", ""k"": 3, ""r0"": 0.02, ""sigma"": 2}",20.260153082736277
train/pair_19/0035,fft_notch,"{""channels"": ""y"", ""k"": 3, ""r0"": 0.02, ""sigma"": 4}",20.26081730778458
train/pair_19/0035,fft_notch,"{""channels"": ""y"", ""k"": 3, ""r0"": 0.04, ""sigma"": 1}",20.25989082457228
train/pair_19/0035,fft_notch,"{""channels"": ""y"", ""k"": 3, ""r0"": 0.04, ""sigma"": 2}",20.260153082736277
train/pair_19/0035,fft_notch,"{""channels"": ""y"", ""k"": 3, ""r0"": 0.04, ""sigma"": 4}",20.26081730778458
train/pair_19/0035,fft_notch,"{""channels"": ""y"", ""k"": 3, ""r0"": 0.08, ""sigma"": 1}",20.25989082457228
train/pair_19/0035,fft_notch,"{""channels"": ""y"", ""k"": 3, ""r0"": 0.08, ""sigma"": 2}",20.260153082736277
train/pair_19/0035,fft_notch,"{""channels"": ""y"", ""k"": 3, ""r0"": 0.08, ""sigma"": 4}",20.26081730778458
train/pair_19/0035,fft_notch,"{""channels"": ""y"", ""k"": 4, ""r0"": 0.02, ""sigma"": 1}",20.259604822961485
train/pair_19/0035,fft_notch,"{""channels"": ""y"", ""k"": 4, ""r0"": 0.02, ""sigma"": 2}",20.259887747760224
train/pair_19/0035,fft_notch,"{""channels"": ""y"", ""k"": 4, ""r0"": 0.02, ""sigma"": 4}",20.260526784556383
train/pair_19/0035,fft_notch,"{""channels"": ""y"", ""k"": 4, ""r0"": 0.04, ""sigma"": 1}",20.259604822961485
train/pair_19/0035,fft_notch,"{""channels"": ""y"", ""k"": 4, ""r0"": 0.04, ""sigma"": 2}",20.259887747760224
train/pair_19/0035,fft_notch,"{""channels"": ""y"", ""k"": 4, ""r0"": 0.04, ""sigma"": 4}",20.260526784556383
train/pair_19/0035,fft_notch,"{""channels"": ""y"", ""k"": 4, ""r0"": 0.08, ""sigma"": 1}",20.259604822961485
train/pair_19/0035,fft_notch,"{""channels"": ""y"", ""k"": 4, ""r0"": 0.08, ""sigma"": 2}",20.259887747760224
train/pair_19/0035,fft_notch,"{""channels"": ""y"", ""k"": 4, ""r0"": 0.08, ""sigma"": 4}",20.260526784556383
train/pair_19/0035,fft_notch,"{""channels"": ""y"", ""k"": 6, ""r0"": 0.02, ""sigma"": 1}",20.25929750715364
train/pair_19/0035,fft_notch,"{""channels"": ""y"", ""k"": 6, ""r0"": 0.02, ""sigma"": 2}",20.259991307760366
train/pair_19/0035,fft_notch,"{""channels"": ""y"", ""k"": 6, ""r0"": 0.02, ""sigma"": 4}",20.259999811461253
train/pair_19/0035,fft_notch,"{""channels"": ""y"", ""k"": 6, ""r0"": 0.04, ""sigma"": 1}",20.25929750715364
train/pair_19/0035,fft_notch,"{""channels"": ""y"", ""k"": 6, ""r0"": 0.04, ""sigma"": 2}",20.259991307760366
train/pair_19/0035,fft_notch,"{""channels"": ""y"", ""k"": 6, ""r0"": 0.04, ""sigma"": 4}",20.259999811461253
train/pair_19/0035,fft_notch,"{""channels"": ""y"", ""k"": 6, ""r0"": 0.08, ""sigma"": 1}",20.25929750715364
train/pair_19/0035,fft_notch,"{""channels"": ""y"", ""k"": 6, ""r0"": 0.08, ""sigma"": 2}",20.259991307760366
train/pair_19/0035,fft_notch,"{""channels"": ""y"", ""k"": 6, ""r0"": 0.08, ""sigma"": 4}",20.259999811461253
train/pair_19/0035,fft_notch,"{""channels"": ""ycc"", ""k"": 3, ""r0"": 0.02, ""sigma"": 1}",20.260801795403324
train/pair_19/0035,fft_notch,"{""channels"": ""ycc"", ""k"": 3, ""r0"": 0.02, ""sigma"": 2}",20.260861321523294
train/pair_19/0035,fft_notch,"{""channels"": ""ycc"", ""k"": 3, ""r0"": 0.02, ""sigma"": 4}",20.26120311652498
train/pair_19/0035,fft_notch,"{""channels"": ""ycc"", ""k"": 3, ""r0"": 0.04, ""sigma"": 1}",20.260801795403324
train/pair_19/0035,fft_notch,"{""channels"": ""ycc"", ""k"": 3, ""r0"": 0.04, ""sigma"": 2}",20.260861321523294
train/pair_19/0035,fft_notch,"{""channels"": ""ycc"", ""k"": 3, ""r0"": 0.04, ""sigma"": 4}",20.26120311652498
train/pair_19/0035,fft_notch,"{""channels"": ""ycc"", ""k"": 3, ""r0"": 0.08, ""sigma"": 1}",20.260801795403324
train/pair_19/0035,fft_notch,"{""channels"": ""ycc"", ""k"": 3, ""r0"": 0.08, ""sigma"": 2}",20.260861321523294
train/pair_19/0035,fft_notch,"{""channels"": ""ycc"", ""k"": 3, ""r0"": 0.08, ""sigma"": 4}",20.26120311652498
train/pair_19/0035,fft_notch,"{""channels"": ""ycc"", ""k"": 4, ""r0"": 0.02, ""sigma"": 1}",20.26065639160236
train/pair_19/0035,fft_notch,"{""channels"": ""ycc"", ""k"": 4, ""r0"": 0.02, ""sigma"": 2}",20.260874705143443
train/pair_19/0035,fft_notch,"{""channels"": ""ycc"", ""k"": 4, ""r0"": 0.02, ""sigma"": 4}",20.26089015593222
train/pair_19/0035,fft_notch,"{""channels"": ""ycc"", ""k"": 4, ""r0"": 0.04, ""sigma"": 1}",20.26065639160236
train/pair_19/0035,fft_notch,"{""channels"": ""ycc"", ""k"": 4, ""r0"": 0.04, ""sigma"": 2}",20.260874705143443
train/pair_19/0035,fft_notch,"{""channels"": ""ycc"", ""k"": 4, ""r0"": 0.04, ""sigma"": 4}",20.26089015593222
train/pair_19/0035,fft_notch,"{""channels"": ""ycc"", ""k"": 4, ""r0"": 0.08, ""sigma"": 1}",20.26065639160236
train/pair_19/0035,fft_notch,"{""channels"": ""ycc"", ""k"": 4, ""r0"": 0.08, ""sigma"": 2}",20.260874705143443
train/pair_19/0035,fft_notch,"{""channels"": ""ycc"", ""k"": 4, ""r0"": 0.08, ""sigma"": 4}",20.26089015593222
train/pair_19/0035,fft_notch,"{""channels"": ""ycc"", ""k"": 6, ""r0"": 0.02, ""sigma"": 1}",20.260656126948234
train/pair_19/0035,fft_notch,"{""channels"": ""ycc"", ""k"": 6, ""r0"": 0.02, ""sigma"": 2}",20.26065180853201
train/pair_19/0035,fft_notch,"{""channels"": ""ycc"", ""k"": 6, ""r0"": 0.02, ""sigma"": 4}",20.260193432282534
train/pair_19/0035,fft_notch,"{""channels"": ""ycc"", ""k"": 6, ""r0"": 0.04, ""sigma"": 1}",20.260656126948234
train/pair_19/0035,fft_notch,"{""channels"": ""ycc"", ""k"": 6, ""r0"": 0.04, ""sigma"": 2}",20.26065180853201
train/pair_19/0035,fft_notch,"{""channels"": ""ycc"", ""k"": 6, ""r0"": 0.04, ""sigma"": 4}",20.260193432282534
train/pair_19/0035,fft_notch,"{""channels"": ""ycc"", ""k"": 6, ""r0"": 0.08, ""sigma"": 1}",20.260656126948234
train/pair_19/0035,fft_notch,"{""channels"": ""ycc"", ""k"": 6, ""r0"": 0.08, ""sigma"": 2}",20.26065180853201
train/pair_19/0035,fft_notch,"{""channels"": ""ycc"", ""k"": 6, ""r0"": 0.08, ""sigma"": 4}",20.260193432282534
train/pair_19/0035,fft_notch_local,"{""channels"": ""y"", ""k"": 3, ""r0"": 0.1, ""sigma"": 1}",20.30209565242934
train/pair_19/0035,fft_notch_local,"{""channels"": ""y"", ""k"": 3, ""r0"": 0.1, ""sigma"": 2}",20.305575150592006
train/pair_19/0035,fft_notch_local,"{""channels"": ""y"", ""k"": 4, ""r0"": 0.1, ""sigma"": 1}",20.30187268265638
train/pair_19/0035,fft_notch_local,"{""channels"": ""y"", ""k"": 4, ""r0"": 0.1, ""sigma"": 2}",20.30521769373054
train/pair_19/0035,fft_notch_local,"{""channels"": ""y"", ""k"": 6, ""r0"": 0.1, ""sigma"": 1}",20.265356337572875
train/pair_19/0035,fft_notch_local,"{""channels"": ""y"", ""k"": 6, ""r0"": 0.1, ""sigma"": 2}",20.265749385270958
train/pair_21/0049,identity,{},11.257256833052622
train/pair_21/0049,chroma_lowpass,"{""sigma"": 1}",11.25756432231719
train/pair_21/0049,chroma_lowpass,"{""sigma"": 2}",11.258475670334834
train/pair_21/0049,chroma_lowpass,"{""sigma"": 4}",11.260301994562132
train/pair_21/0049,chroma_lowpass,"{""sigma"": 8}",11.261481095682175
train/pair_21/0049,fft_notch,"{""channels"": ""y"", ""k"": 3, ""r0"": 0.02, ""sigma"": 1}",11.255133937198288
train/pair_21/0049,fft_notch,"{""channels"": ""y"", ""k"": 3, ""r0"": 0.02, ""sigma"": 2}",11.255425110085548
train/pair_21/0049,fft_notch,"{""channels"": ""y"", ""k"": 3, ""r0"": 0.02, ""sigma"": 4}",11.255874688736258
train/pair_21/0049,fft_notch,"{""channels"": ""y"", ""k"": 3, ""r0"": 0.04, ""sigma"": 1}",11.255133937198288
train/pair_21/0049,fft_notch,"{""channels"": ""y"", ""k"": 3, ""r0"": 0.04, ""sigma"": 2}",11.255425110085548
train/pair_21/0049,fft_notch,"{""channels"": ""y"", ""k"": 3, ""r0"": 0.04, ""sigma"": 4}",11.255874688736258
train/pair_21/0049,fft_notch,"{""channels"": ""y"", ""k"": 3, ""r0"": 0.08, ""sigma"": 1}",11.255133937198288
train/pair_21/0049,fft_notch,"{""channels"": ""y"", ""k"": 3, ""r0"": 0.08, ""sigma"": 2}",11.255425110085548
train/pair_21/0049,fft_notch,"{""channels"": ""y"", ""k"": 3, ""r0"": 0.08, ""sigma"": 4}",11.255874688736258
train/pair_21/0049,fft_notch,"{""channels"": ""y"", ""k"": 4, ""r0"": 0.02, ""sigma"": 1}",11.255250955138285
train/pair_21/0049,fft_notch,"{""channels"": ""y"", ""k"": 4, ""r0"": 0.02, ""sigma"": 2}",11.255426739336338
train/pair_21/0049,fft_notch,"{""channels"": ""y"", ""k"": 4, ""r0"": 0.02, ""sigma"": 4}",11.255741630922657
train/pair_21/0049,fft_notch,"{""channels"": ""y"", ""k"": 4, ""r0"": 0.04, ""sigma"": 1}",11.255250955138285
train/pair_21/0049,fft_notch,"{""channels"": ""y"", ""k"": 4, ""r0"": 0.04, ""sigma"": 2}",11.255426739336338
train/pair_21/0049,fft_notch,"{""channels"": ""y"", ""k"": 4, ""r0"": 0.04, ""sigma"": 4}",11.255741630922657
train/pair_21/0049,fft_notch,"{""channels"": ""y"", ""k"": 4, ""r0"": 0.08, ""sigma"": 1}",11.255250955138285
train/pair_21/0049,fft_notch,"{""channels"": ""y"", ""k"": 4, ""r0"": 0.08, ""sigma"": 2}",11.255426739336338
train/pair_21/0049,fft_notch,"{""channels"": ""y"", ""k"": 4, ""r0"": 0.08, ""sigma"": 4}",11.255741630922657
train/pair_21/0049,fft_notch,"{""channels"": ""y"", ""k"": 6, ""r0"": 0.02, ""sigma"": 1}",11.258136283277526
train/pair_21/0049,fft_notch,"{""channels"": ""y"", ""k"": 6, ""r0"": 0.02, ""sigma"": 2}",11.258467837593907
train/pair_21/0049,fft_notch,"{""channels"": ""y"", ""k"": 6, ""r0"": 0.02, ""sigma"": 4}",11.258742975343237
train/pair_21/0049,fft_notch,"{""channels"": ""y"", ""k"": 6, ""r0"": 0.04, ""sigma"": 1}",11.258136283277526
train/pair_21/0049,fft_notch,"{""channels"": ""y"", ""k"": 6, ""r0"": 0.04, ""sigma"": 2}",11.258467837593907
train/pair_21/0049,fft_notch,"{""channels"": ""y"", ""k"": 6, ""r0"": 0.04, ""sigma"": 4}",11.258742975343237
train/pair_21/0049,fft_notch,"{""channels"": ""y"", ""k"": 6, ""r0"": 0.08, ""sigma"": 1}",11.258136283277526
train/pair_21/0049,fft_notch,"{""channels"": ""y"", ""k"": 6, ""r0"": 0.08, ""sigma"": 2}",11.258467837593907
train/pair_21/0049,fft_notch,"{""channels"": ""y"", ""k"": 6, ""r0"": 0.08, ""sigma"": 4}",11.258742975343237
train/pair_21/0049,fft_notch,"{""channels"": ""ycc"", ""k"": 3, ""r0"": 0.02, ""sigma"": 1}",11.25510702206614
train/pair_21/0049,fft_notch,"{""channels"": ""ycc"", ""k"": 3, ""r0"": 0.02, ""sigma"": 2}",11.255386536059076
train/pair_21/0049,fft_notch,"{""channels"": ""ycc"", ""k"": 3, ""r0"": 0.02, ""sigma"": 4}",11.255837443493553
train/pair_21/0049,fft_notch,"{""channels"": ""ycc"", ""k"": 3, ""r0"": 0.04, ""sigma"": 1}",11.25510702206614
train/pair_21/0049,fft_notch,"{""channels"": ""ycc"", ""k"": 3, ""r0"": 0.04, ""sigma"": 2}",11.255386536059076
train/pair_21/0049,fft_notch,"{""channels"": ""ycc"", ""k"": 3, ""r0"": 0.04, ""sigma"": 4}",11.255837443493553
train/pair_21/0049,fft_notch,"{""channels"": ""ycc"", ""k"": 3, ""r0"": 0.08, ""sigma"": 1}",11.25510702206614
train/pair_21/0049,fft_notch,"{""channels"": ""ycc"", ""k"": 3, ""r0"": 0.08, ""sigma"": 2}",11.255386536059076
train/pair_21/0049,fft_notch,"{""channels"": ""ycc"", ""k"": 3, ""r0"": 0.08, ""sigma"": 4}",11.255837443493553
train/pair_21/0049,fft_notch,"{""channels"": ""ycc"", ""k"": 4, ""r0"": 0.02, ""sigma"": 1}",11.255269894429556
train/pair_21/0049,fft_notch,"{""channels"": ""ycc"", ""k"": 4, ""r0"": 0.02, ""sigma"": 2}",11.255387626344762
train/pair_21/0049,fft_notch,"{""channels"": ""ycc"", ""k"": 4, ""r0"": 0.02, ""sigma"": 4}",11.255673921112631
train/pair_21/0049,fft_notch,"{""channels"": ""ycc"", ""k"": 4, ""r0"": 0.04, ""sigma"": 1}",11.255269894429556
train/pair_21/0049,fft_notch,"{""channels"": ""ycc"", ""k"": 4, ""r0"": 0.04, ""sigma"": 2}",11.255387626344762
train/pair_21/0049,fft_notch,"{""channels"": ""ycc"", ""k"": 4, ""r0"": 0.04, ""sigma"": 4}",11.255673921112631
train/pair_21/0049,fft_notch,"{""channels"": ""ycc"", ""k"": 4, ""r0"": 0.08, ""sigma"": 1}",11.255269894429556
train/pair_21/0049,fft_notch,"{""channels"": ""ycc"", ""k"": 4, ""r0"": 0.08, ""sigma"": 2}",11.255387626344762
train/pair_21/0049,fft_notch,"{""channels"": ""ycc"", ""k"": 4, ""r0"": 0.08, ""sigma"": 4}",11.255673921112631
train/pair_21/0049,fft_notch,"{""channels"": ""ycc"", ""k"": 6, ""r0"": 0.02, ""sigma"": 1}",11.258142221931678
train/pair_21/0049,fft_notch,"{""channels"": ""ycc"", ""k"": 6, ""r0"": 0.02, ""sigma"": 2}",11.258466577784258
train/pair_21/0049,fft_notch,"{""channels"": ""ycc"", ""k"": 6, ""r0"": 0.02, ""sigma"": 4}",11.25874454259949
train/pair_21/0049,fft_notch,"{""channels"": ""ycc"", ""k"": 6, ""r0"": 0.04, ""sigma"": 1}",11.258142221931678
train/pair_21/0049,fft_notch,"{""channels"": ""ycc"", ""k"": 6, ""r0"": 0.04, ""sigma"": 2}",11.258466577784258
train/pair_21/0049,fft_notch,"{""channels"": ""ycc"", ""k"": 6, ""r0"": 0.04, ""sigma"": 4}",11.25874454259949
train/pair_21/0049,fft_notch,"{""channels"": ""ycc"", ""k"": 6, ""r0"": 0.08, ""sigma"": 1}",11.258142221931678
train/pair_21/0049,fft_notch,"{""channels"": ""ycc"", ""k"": 6, ""r0"": 0.08, ""sigma"": 2}",11.258466577784258
train/pair_21/0049,fft_notch,"{""channels"": ""ycc"", ""k"": 6, ""r0"": 0.08, ""sigma"": 4}",11.25874454259949
train/pair_21/0049,fft_notch_local,"{""channels"": ""y"", ""k"": 3, ""r0"": 0.1, ""sigma"": 1}",11.256837538557638
train/pair_21/0049,fft_notch_local,"{""channels"": ""y"", ""k"": 3, ""r0"": 0.1, ""sigma"": 2}",11.257301709975154
train/pair_21/0049,fft_notch_local,"{""channels"": ""y"", ""k"": 4, ""r0"": 0.1, ""sigma"": 1}",11.256520380241987
train/pair_21/0049,fft_notch_local,"{""channels"": ""y"", ""k"": 4, ""r0"": 0.1, ""sigma"": 2}",11.256901059439944
train/pair_21/0049,fft_notch_local,"{""channels"": ""y"", ""k"": 6, ""r0"": 0.1, ""sigma"": 1}",11.257255876904175
train/pair_21/0049,fft_notch_local,"{""channels"": ""y"", ""k"": 6, ""r0"": 0.1, ""sigma"": 2}",11.257256203408739
train/pair_25/0156,identity,{},17.248578638194807
train/pair_25/0156,chroma_lowpass,"{""sigma"": 1}",17.250603354978736
train/pair_25/0156,chroma_lowpass,"{""sigma"": 2}",17.25230490709023
train/pair_25/0156,chroma_lowpass,"{""sigma"": 4}",17.25010140166389
train/pair_25/0156,chroma_lowpass,"{""sigma"": 8}",17.238633613626657
train/pair_25/0156,fft_notch,"{""channels"": ""y"", ""k"": 3, ""r0"": 0.02, ""sigma"": 1}",17.248394649314726
train/pair_25/0156,fft_notch,"{""channels"": ""y"", ""k"": 3, ""r0"": 0.02, ""sigma"": 2}",17.248507456379343
train/pair_25/0156,fft_notch,"{""channels"": ""y"", ""k"": 3, ""r0"": 0.02, ""sigma"": 4}",17.249194932579883
train/pair_25/0156,fft_notch,"{""channels"": ""y"", ""k"": 3, ""r0"": 0.04, ""sigma"": 1}",17.248394649314726
train/pair_25/0156,fft_notch,"{""channels"": ""y"", ""k"": 3, ""r0"": 0.04, ""sigma"": 2}",17.248507456379343
train/pair_25/0156,fft_notch,"{""channels"": ""y"", ""k"": 3, ""r0"": 0.04, ""sigma"": 4}",17.249194932579883
train/pair_25/0156,fft_notch,"{""channels"": ""y"", ""k"": 3, ""r0"": 0.08, ""sigma"": 1}",17.248394649314726
train/pair_25/0156,fft_notch,"{""channels"": ""y"", ""k"": 3, ""r0"": 0.08, ""sigma"": 2}",17.248507456379343
train/pair_25/0156,fft_notch,"{""channels"": ""y"", ""k"": 3, ""r0"": 0.08, ""sigma"": 4}",17.249194932579883
train/pair_25/0156,fft_notch,"{""channels"": ""y"", ""k"": 4, ""r0"": 0.02, ""sigma"": 1}",17.248582487967997
train/pair_25/0156,fft_notch,"{""channels"": ""y"", ""k"": 4, ""r0"": 0.02, ""sigma"": 2}",17.24855494541992
train/pair_25/0156,fft_notch,"{""channels"": ""y"", ""k"": 4, ""r0"": 0.02, ""sigma"": 4}",17.248681843685752
train/pair_25/0156,fft_notch,"{""channels"": ""y"", ""k"": 4, ""r0"": 0.04, ""sigma"": 1}",17.248582487967997
train/pair_25/0156,fft_notch,"{""channels"": ""y"", ""k"": 4, ""r0"": 0.04, ""sigma"": 2}",17.24855494541992
train/pair_25/0156,fft_notch,"{""channels"": ""y"", ""k"": 4, ""r0"": 0.04, ""sigma"": 4}",17.248681843685752
train/pair_25/0156,fft_notch,"{""channels"": ""y"", ""k"": 4, ""r0"": 0.08, ""sigma"": 1}",17.248582487967997
train/pair_25/0156,fft_notch,"{""channels"": ""y"", ""k"": 4, ""r0"": 0.08, ""sigma"": 2}",17.24855494541992
train/pair_25/0156,fft_notch,"{""channels"": ""y"", ""k"": 4, ""r0"": 0.08, ""sigma"": 4}",17.248681843685752
train/pair_25/0156,fft_notch,"{""channels"": ""y"", ""k"": 6, ""r0"": 0.02, ""sigma"": 1}",17.24979891090363
train/pair_25/0156,fft_notch,"{""channels"": ""y"", ""k"": 6, ""r0"": 0.02, ""sigma"": 2}",17.250014296988113
train/pair_25/0156,fft_notch,"{""channels"": ""y"", ""k"": 6, ""r0"": 0.02, ""sigma"": 4}",17.250603880536136
train/pair_25/0156,fft_notch,"{""channels"": ""y"", ""k"": 6, ""r0"": 0.04, ""sigma"": 1}",17.24979891090363
train/pair_25/0156,fft_notch,"{""channels"": ""y"", ""k"": 6, ""r0"": 0.04, ""sigma"": 2}",17.250014296988113
train/pair_25/0156,fft_notch,"{""channels"": ""y"", ""k"": 6, ""r0"": 0.04, ""sigma"": 4}",17.250603880536136
train/pair_25/0156,fft_notch,"{""channels"": ""y"", ""k"": 6, ""r0"": 0.08, ""sigma"": 1}",17.24979891090363
train/pair_25/0156,fft_notch,"{""channels"": ""y"", ""k"": 6, ""r0"": 0.08, ""sigma"": 2}",17.250014296988113
train/pair_25/0156,fft_notch,"{""channels"": ""y"", ""k"": 6, ""r0"": 0.08, ""sigma"": 4}",17.250603880536136
train/pair_25/0156,fft_notch,"{""channels"": ""ycc"", ""k"": 3, ""r0"": 0.02, ""sigma"": 1}",17.248514732438945
train/pair_25/0156,fft_notch,"{""channels"": ""ycc"", ""k"": 3, ""r0"": 0.02, ""sigma"": 2}",17.248997383145813
train/pair_25/0156,fft_notch,"{""channels"": ""ycc"", ""k"": 3, ""r0"": 0.02, ""sigma"": 4}",17.249503157641303
train/pair_25/0156,fft_notch,"{""channels"": ""ycc"", ""k"": 3, ""r0"": 0.04, ""sigma"": 1}",17.248514732438945
train/pair_25/0156,fft_notch,"{""channels"": ""ycc"", ""k"": 3, ""r0"": 0.04, ""sigma"": 2}",17.248997383145813
train/pair_25/0156,fft_notch,"{""channels"": ""ycc"", ""k"": 3, ""r0"": 0.04, ""sigma"": 4}",17.249503157641303
train/pair_25/0156,fft_notch,"{""channels"": ""ycc"", ""k"": 3, ""r0"": 0.08, ""sigma"": 1}",17.248514732438945
train/pair_25/0156,fft_notch,"{""channels"": ""ycc"", ""k"": 3, ""r0"": 0.08, ""sigma"": 2}",17.248997383145813
train/pair_25/0156,fft_notch,"{""channels"": ""ycc"", ""k"": 3, ""r0"": 0.08, ""sigma"": 4}",17.249503157641303
train/pair_25/0156,fft_notch,"{""channels"": ""ycc"", ""k"": 4, ""r0"": 0.02, ""sigma"": 1}",17.24864755302341
train/pair_25/0156,fft_notch,"{""channels"": ""ycc"", ""k"": 4, ""r0"": 0.02, ""sigma"": 2}",17.248751295563668
train/pair_25/0156,fft_notch,"{""channels"": ""ycc"", ""k"": 4, ""r0"": 0.02, ""sigma"": 4}",17.248871945877834
train/pair_25/0156,fft_notch,"{""channels"": ""ycc"", ""k"": 4, ""r0"": 0.04, ""sigma"": 1}",17.24864755302341
train/pair_25/0156,fft_notch,"{""channels"": ""ycc"", ""k"": 4, ""r0"": 0.04, ""sigma"": 2}",17.248751295563668
train/pair_25/0156,fft_notch,"{""channels"": ""ycc"", ""k"": 4, ""r0"": 0.04, ""sigma"": 4}",17.248871945877834
train/pair_25/0156,fft_notch,"{""channels"": ""ycc"", ""k"": 4, ""r0"": 0.08, ""sigma"": 1}",17.24864755302341
train/pair_25/0156,fft_notch,"{""channels"": ""ycc"", ""k"": 4, ""r0"": 0.08, ""sigma"": 2}",17.248751295563668
train/pair_25/0156,fft_notch,"{""channels"": ""ycc"", ""k"": 4, ""r0"": 0.08, ""sigma"": 4}",17.248871945877834
train/pair_25/0156,fft_notch,"{""channels"": ""ycc"", ""k"": 6, ""r0"": 0.02, ""sigma"": 1}",17.250672967602195
train/pair_25/0156,fft_notch,"{""channels"": ""ycc"", ""k"": 6, ""r0"": 0.02, ""sigma"": 2}",17.250680529027843
train/pair_25/0156,fft_notch,"{""channels"": ""ycc"", ""k"": 6, ""r0"": 0.02, ""sigma"": 4}",17.250849688307966
train/pair_25/0156,fft_notch,"{""channels"": ""ycc"", ""k"": 6, ""r0"": 0.04, ""sigma"": 1}",17.250672967602195
train/pair_25/0156,fft_notch,"{""channels"": ""ycc"", ""k"": 6, ""r0"": 0.04, ""sigma"": 2}",17.250680529027843
train/pair_25/0156,fft_notch,"{""channels"": ""ycc"", ""k"": 6, ""r0"": 0.04, ""sigma"": 4}",17.250849688307966
train/pair_25/0156,fft_notch,"{""channels"": ""ycc"", ""k"": 6, ""r0"": 0.08, ""sigma"": 1}",17.250672967602195
train/pair_25/0156,fft_notch,"{""channels"": ""ycc"", ""k"": 6, ""r0"": 0.08, ""sigma"": 2}",17.250680529027843
train/pair_25/0156,fft_notch,"{""channels"": ""ycc"", ""k"": 6, ""r0"": 0.08, ""sigma"": 4}",17.250849688307966
train/pair_25/0156,fft_notch_local,"{""channels"": ""y"", ""k"": 3, ""r0"": 0.1, ""sigma"": 1}",17.253805240444763
train/pair_25/0156,fft_notch_local,"{""channels"": ""y"", ""k"": 3, ""r0"": 0.1, ""sigma"": 2}",17.25725221640501
train/pair_25/0156,fft_notch_local,"{""channels"": ""y"", ""k"": 4, ""r0"": 0.1, ""sigma"": 1}",17.251587750944086
train/pair_25/0156,fft_notch_local,"{""channels"": ""y"", ""k"": 4, ""r0"": 0.1, ""sigma"": 2}",17.253808498471898
train/pair_25/0156,fft_notch_local,"{""channels"": ""y"", ""k"": 6, ""r0"": 0.1, ""sigma"": 1}",17.248606828889198
train/pair_25/0156,fft_notch_local,"{""channels"": ""y"", ""k"": 6, ""r0"": 0.1, ""sigma"": 2}",17.248619580680415
train/pair_25/0257,identity,{},9.810597805190005
train/pair_25/0257,chroma_lowpass,"{""sigma"": 1}",9.811923110961223
train/pair_25/0257,chroma_lowpass,"{""sigma"": 2}",9.814221451923196
train/pair_25/0257,chroma_lowpass,"{""sigma"": 4}",9.81968891196061
train/pair_25/0257,chroma_lowpass,"{""sigma"": 8}",9.826956935044905
train/pair_25/0257,fft_notch,"{""channels"": ""y"", ""k"": 3, ""r0"": 0.02, ""sigma"": 1}",9.811106663053689
train/pair_25/0257,fft_notch,"{""channels"": ""y"", ""k"": 3, ""r0"": 0.02, ""sigma"": 2}",9.811572488548805
train/pair_25/0257,fft_notch,"{""channels"": ""y"", ""k"": 3, ""r0"": 0.02, ""sigma"": 4}",9.811614886430078
train/pair_25/0257,fft_notch,"{""channels"": ""y"", ""k"": 3, ""r0"": 0.04, ""sigma"": 1}",9.811106663053689
train/pair_25/0257,fft_notch,"{""channels"": ""y"", ""k"": 3, ""r0"": 0.04, ""sigma"": 2}",9.811572488548805
train/pair_25/0257,fft_notch,"{""channels"": ""y"", ""k"": 3, ""r0"": 0.04, ""sigma"": 4}",9.811614886430078
train/pair_25/0257,fft_notch,"{""channels"": ""y"", ""k"": 3, ""r0"": 0.08, ""sigma"": 1}",9.811106663053689
train/pair_25/0257,fft_notch,"{""channels"": ""y"", ""k"": 3, ""r0"": 0.08, ""sigma"": 2}",9.811572488548805
train/pair_25/0257,fft_notch,"{""channels"": ""y"", ""k"": 3, ""r0"": 0.08, ""sigma"": 4}",9.811614886430078
train/pair_25/0257,fft_notch,"{""channels"": ""y"", ""k"": 4, ""r0"": 0.02, ""sigma"": 1}",9.811949323579636
train/pair_25/0257,fft_notch,"{""channels"": ""y"", ""k"": 4, ""r0"": 0.02, ""sigma"": 2}",9.811238142041713
train/pair_25/0257,fft_notch,"{""channels"": ""y"", ""k"": 4, ""r0"": 0.02, ""sigma"": 4}",9.810967573107611
train/pair_25/0257,fft_notch,"{""channels"": ""y"", ""k"": 4, ""r0"": 0.04, ""sigma"": 1}",9.811949323579636
train/pair_25/0257,fft_notch,"{""channels"": ""y"", ""k"": 4, ""r0"": 0.04, ""sigma"": 2}",9.811238142041713
train/pair_25/0257,fft_notch,"{""channels"": ""y"", ""k"": 4, ""r0"": 0.04, ""sigma"": 4}",9.810967573107611
train/pair_25/0257,fft_notch,"{""channels"": ""y"", ""k"": 4, ""r0"": 0.08, ""sigma"": 1}",9.811949323579636
train/pair_25/0257,fft_notch,"{""channels"": ""y"", ""k"": 4, ""r0"": 0.08, ""sigma"": 2}",9.811238142041713
train/pair_25/0257,fft_notch,"{""channels"": ""y"", ""k"": 4, ""r0"": 0.08, ""sigma"": 4}",9.810967573107611
train/pair_25/0257,fft_notch,"{""channels"": ""y"", ""k"": 6, ""r0"": 0.02, ""sigma"": 1}",9.809952661543296
train/pair_25/0257,fft_notch,"{""channels"": ""y"", ""k"": 6, ""r0"": 0.02, ""sigma"": 2}",9.810054750582152
train/pair_25/0257,fft_notch,"{""channels"": ""y"", ""k"": 6, ""r0"": 0.02, ""sigma"": 4}",9.810255284514673
train/pair_25/0257,fft_notch,"{""channels"": ""y"", ""k"": 6, ""r0"": 0.04, ""sigma"": 1}",9.809952661543296
train/pair_25/0257,fft_notch,"{""channels"": ""y"", ""k"": 6, ""r0"": 0.04, ""sigma"": 2}",9.810054750582152
train/pair_25/0257,fft_notch,"{""channels"": ""y"", ""k"": 6, ""r0"": 0.04, ""sigma"": 4}",9.810255284514673
train/pair_25/0257,fft_notch,"{""channels"": ""y"", ""k"": 6, ""r0"": 0.08, ""sigma"": 1}",9.809952661543296
train/pair_25/0257,fft_notch,"{""channels"": ""y"", ""k"": 6, ""r0"": 0.08, ""sigma"": 2}",9.810054750582152
train/pair_25/0257,fft_notch,"{""channels"": ""y"", ""k"": 6, ""r0"": 0.08, ""sigma"": 4}",9.810255284514673
train/pair_25/0257,fft_notch,"{""channels"": ""ycc"", ""k"": 3, ""r0"": 0.02, ""sigma"": 1}",9.811215419449343
train/pair_25/0257,fft_notch,"{""channels"": ""ycc"", ""k"": 3, ""r0"": 0.02, ""sigma"": 2}",9.811598607067845
train/pair_25/0257,fft_notch,"{""channels"": ""ycc"", ""k"": 3, ""r0"": 0.02, ""sigma"": 4}",9.811647605212904
train/pair_25/0257,fft_notch,"{""channels"": ""ycc"", ""k"": 3, ""r0"": 0.04, ""sigma"": 1}",9.811215419449343
train/pair_25/0257,fft_notch,"{""channels"": ""ycc"", ""k"": 3, ""r0"": 0.04, ""sigma"": 2}",9.811598607067845
train/pair_25/0257,fft_notch,"{""channels"": ""ycc"", ""k"": 3, ""r0"": 0.04, ""sigma"": 4}",9.811647605212904
train/pair_25/0257,fft_notch,"{""channels"": ""ycc"", ""k"": 3, ""r0"": 0.08, ""sigma"": 1}",9.811215419449343
train/pair_25/0257,fft_notch,"{""channels"": ""ycc"", ""k"": 3, ""r0"": 0.08, ""sigma"": 2}",9.811598607067845
train/pair_25/0257,fft_notch,"{""channels"": ""ycc"", ""k"": 3, ""r0"": 0.08, ""sigma"": 4}",9.811647605212904
train/pair_25/0257,fft_notch,"{""channels"": ""ycc"", ""k"": 4, ""r0"": 0.02, ""sigma"": 1}",9.811752260241608
train/pair_25/0257,fft_notch,"{""channels"": ""ycc"", ""k"": 4, ""r0"": 0.02, ""sigma"": 2}",9.811092984968147
train/pair_25/0257,fft_notch,"{""channels"": ""ycc"", ""k"": 4, ""r0"": 0.02, ""sigma"": 4}",9.810857475046014
train/pair_25/0257,fft_notch,"{""channels"": ""ycc"", ""k"": 4, ""r0"": 0.04, ""sigma"": 1}",9.811752260241608
train/pair_25/0257,fft_notch,"{""channels"": ""ycc"", ""k"": 4, ""r0"": 0.04, ""sigma"": 2}",9.811092984968147
train/pair_25/0257,fft_notch,"{""channels"": ""ycc"", ""k"": 4, ""r0"": 0.04, ""sigma"": 4}",9.810857475046014
train/pair_25/0257,fft_notch,"{""channels"": ""ycc"", ""k"": 4, ""r0"": 0.08, ""sigma"": 1}",9.811752260241608
train/pair_25/0257,fft_notch,"{""channels"": ""ycc"", ""k"": 4, ""r0"": 0.08, ""sigma"": 2}",9.811092984968147
train/pair_25/0257,fft_notch,"{""channels"": ""ycc"", ""k"": 4, ""r0"": 0.08, ""sigma"": 4}",9.810857475046014
train/pair_25/0257,fft_notch,"{""channels"": ""ycc"", ""k"": 6, ""r0"": 0.02, ""sigma"": 1}",9.81083107803809
train/pair_25/0257,fft_notch,"{""channels"": ""ycc"", ""k"": 6, ""r0"": 0.02, ""sigma"": 2}",9.810818528963663
train/pair_25/0257,fft_notch,"{""channels"": ""ycc"", ""k"": 6, ""r0"": 0.02, ""sigma"": 4}",9.810808378027936
train/pair_25/0257,fft_notch,"{""channels"": ""ycc"", ""k"": 6, ""r0"": 0.04, ""sigma"": 1}",9.81083107803809
train/pair_25/0257,fft_notch,"{""channels"": ""ycc"", ""k"": 6, ""r0"": 0.04, ""sigma"": 2}",9.810818528963663
train/pair_25/0257,fft_notch,"{""channels"": ""ycc"", ""k"": 6, ""r0"": 0.04, ""sigma"": 4}",9.810808378027936
train/pair_25/0257,fft_notch,"{""channels"": ""ycc"", ""k"": 6, ""r0"": 0.08, ""sigma"": 1}",9.81083107803809
train/pair_25/0257,fft_notch,"{""channels"": ""ycc"", ""k"": 6, ""r0"": 0.08, ""sigma"": 2}",9.810818528963663
train/pair_25/0257,fft_notch,"{""channels"": ""ycc"", ""k"": 6, ""r0"": 0.08, ""sigma"": 4}",9.810808378027936
train/pair_25/0257,fft_notch_local,"{""channels"": ""y"", ""k"": 3, ""r0"": 0.1, ""sigma"": 1}",9.840469149588591
train/pair_25/0257,fft_notch_local,"{""channels"": ""y"", ""k"": 3, ""r0"": 0.1, ""sigma"": 2}",9.843206346257226
train/pair_25/0257,fft_notch_local,"{""channels"": ""y"", ""k"": 4, ""r0"": 0.1, ""sigma"": 1}",9.835040918680333
train/pair_25/0257,fft_notch_local,"{""channels"": ""y"", ""k"": 4, ""r0"": 0.1, ""sigma"": 2}",9.83694998885637
train/pair_25/0257,fft_notch_local,"{""channels"": ""y"", ""k"": 6, ""r0"": 0.1, ""sigma"": 1}",9.813344491116785
train/pair_25/0257,fft_notch_local,"{""channels"": ""y"", ""k"": 6, ""r0"": 0.1, ""sigma"": 2}",9.813478137556336
train/pair_27/0008,identity,{},15.641042570658495
train/pair_27/0008,chroma_lowpass,"{""sigma"": 1}",15.640426034885513
train/pair_27/0008,chroma_lowpass,"{""sigma"": 2}",15.643942800117628
train/pair_27/0008,chroma_lowpass,"{""sigma"": 4}",15.653156283188235
train/pair_27/0008,chroma_lowpass,"{""sigma"": 8}",15.675409178386516
train/pair_27/0008,fft_notch,"{""channels"": ""y"", ""k"": 3, ""r0"": 0.02, ""sigma"": 1}",15.675310629700785
train/pair_27/0008,fft_notch,"{""channels"": ""y"", ""k"": 3, ""r0"": 0.02, ""sigma"": 2}",15.682080531996288
train/pair_27/0008,fft_notch,"{""channels"": ""y"", ""k"": 3, ""r0"": 0.02, ""sigma"": 4}",15.683616515419736
train/pair_27/0008,fft_notch,"{""channels"": ""y"", ""k"": 3, ""r0"": 0.04, ""sigma"": 1}",15.675310629700785
train/pair_27/0008,fft_notch,"{""channels"": ""y"", ""k"": 3, ""r0"": 0.04, ""sigma"": 2}",15.682080531996288
train/pair_27/0008,fft_notch,"{""channels"": ""y"", ""k"": 3, ""r0"": 0.04, ""sigma"": 4}",15.683616515419736
train/pair_27/0008,fft_notch,"{""channels"": ""y"", ""k"": 3, ""r0"": 0.08, ""sigma"": 1}",15.675310629700785
train/pair_27/0008,fft_notch,"{""channels"": ""y"", ""k"": 3, ""r0"": 0.08, ""sigma"": 2}",15.682080531996288
train/pair_27/0008,fft_notch,"{""channels"": ""y"", ""k"": 3, ""r0"": 0.08, ""sigma"": 4}",15.683616515419736
train/pair_27/0008,fft_notch,"{""channels"": ""y"", ""k"": 4, ""r0"": 0.02, ""sigma"": 1}",15.640983756935915
train/pair_27/0008,fft_notch,"{""channels"": ""y"", ""k"": 4, ""r0"": 0.02, ""sigma"": 2}",15.641934617672197
train/pair_27/0008,fft_notch,"{""channels"": ""y"", ""k"": 4, ""r0"": 0.02, ""sigma"": 4}",15.641906662574272
train/pair_27/0008,fft_notch,"{""channels"": ""y"", ""k"": 4, ""r0"": 0.04, ""sigma"": 1}",15.640983756935915
train/pair_27/0008,fft_notch,"{""channels"": ""y"", ""k"": 4, ""r0"": 0.04, ""sigma"": 2}",15.641934617672197
train/pair_27/0008,fft_notch,"{""channels"": ""y"", ""k"": 4, ""r0"": 0.04, ""sigma"": 4}",15.641906662574272
train/pair_27/0008,fft_notch,"{""channels"": ""y"", ""k"": 4, ""r0"": 0.08, ""sigma"": 1}",15.640983756935915
train/pair_27/0008,fft_notch,"{""channels"": ""y"", ""k"": 4, ""r0"": 0.08, ""sigma"": 2}",15.641934617672197
train/pair_27/0008,fft_notch,"{""channels"": ""y"", ""k"": 4, ""r0"": 0.08, ""sigma"": 4}",15.641906662574272
train/pair_27/0008,fft_notch,"{""channels"": ""y"", ""k"": 6, ""r0"": 0.02, ""sigma"": 1}",15.641059430225209
train/pair_27/0008,fft_notch,"{""channels"": ""y"", ""k"": 6, ""r0"": 0.02, ""sigma"": 2}",15.641357815344376
train/pair_27/0008,fft_notch,"{""channels"": ""y"", ""k"": 6, ""r0"": 0.02, ""sigma"": 4}",15.640874378448931
train/pair_27/0008,fft_notch,"{""channels"": ""y"", ""k"": 6, ""r0"": 0.04, ""sigma"": 1}",15.641059430225209
train/pair_27/0008,fft_notch,"{""channels"": ""y"", ""k"": 6, ""r0"": 0.04, ""sigma"": 2}",15.641357815344376
train/pair_27/0008,fft_notch,"{""channels"": ""y"", ""k"": 6, ""r0"": 0.04, ""sigma"": 4}",15.640874378448931
train/pair_27/0008,fft_notch,"{""channels"": ""y"", ""k"": 6, ""r0"": 0.08, ""sigma"": 1}",15.641059430225209
train/pair_27/0008,fft_notch,"{""channels"": ""y"", ""k"": 6, ""r0"": 0.08, ""sigma"": 2}",15.641357815344376
train/pair_27/0008,fft_notch,"{""channels"": ""y"", ""k"": 6, ""r0"": 0.08, ""sigma"": 4}",15.640874378448931
train/pair_27/0008,fft_notch,"{""channels"": ""ycc"", ""k"": 3, ""r0"": 0.02, ""sigma"": 1}",15.675066175580827
train/pair_27/0008,fft_notch,"{""channels"": ""ycc"", ""k"": 3, ""r0"": 0.02, ""sigma"": 2}",15.68224533391003
train/pair_27/0008,fft_notch,"{""channels"": ""ycc"", ""k"": 3, ""r0"": 0.02, ""sigma"": 4}",15.683758088436146
train/pair_27/0008,fft_notch,"{""channels"": ""ycc"", ""k"": 3, ""r0"": 0.04, ""sigma"": 1}",15.675066175580827
train/pair_27/0008,fft_notch,"{""channels"": ""ycc"", ""k"": 3, ""r0"": 0.04, ""sigma"": 2}",15.68224533391003
train/pair_27/0008,fft_notch,"{""channels"": ""ycc"", ""k"": 3, ""r0"": 0.04, ""sigma"": 4}",15.683758088436146
train/pair_27/0008,fft_notch,"{""channels"": ""ycc"", ""k"": 3, ""r0"": 0.08, ""sigma"": 1}",15.675066175580827
train/pair_27/0008,fft_notch,"{""channels"": ""ycc"", ""k"": 3, ""r0"": 0.08, ""sigma"": 2}",15.68224533391003
train/pair_27/0008,fft_notch,"{""channels"": ""ycc"", ""k"": 3, ""r0"": 0.08, ""sigma"": 4}",15.683758088436146
train/pair_27/0008,fft_notch,"{""channels"": ""ycc"", ""k"": 4, ""r0"": 0.02, ""sigma"": 1}",15.641807925508393
train/pair_27/0008,fft_notch,"{""channels"": ""ycc"", ""k"": 4, ""r0"": 0.02, ""sigma"": 2}",15.6419363519067
train/pair_27/0008,fft_notch,"{""channels"": ""ycc"", ""k"": 4, ""r0"": 0.02, ""sigma"": 4}",15.641807165916244
train/pair_27/0008,fft_notch,"{""channels"": ""ycc"", ""k"": 4, ""r0"": 0.04, ""sigma"": 1}",15.641807925508393
train/pair_27/0008,fft_notch,"{""channels"": ""ycc"", ""k"": 4, ""r0"": 0.04, ""sigma"": 2}",15.6419363519067
train/pair_27/0008,fft_notch,"{""channels"": ""ycc"", ""k"": 4, ""r0"": 0.04, ""sigma"": 4}",15.641807165916244
train/pair_27/0008,fft_notch,"{""channels"": ""ycc"", ""k"": 4, ""r0"": 0.08, ""sigma"": 1}",15.641807925508393
train/pair_27/0008,fft_notch,"{""channels"": ""ycc"", ""k"": 4, ""r0"": 0.08, ""sigma"": 2}",15.6419363519067
train/pair_27/0008,fft_notch,"{""channels"": ""ycc"", ""k"": 4, ""r0"": 0.08, ""sigma"": 4}",15.641807165916244
train/pair_27/0008,fft_notch,"{""channels"": ""ycc"", ""k"": 6, ""r0"": 0.02, ""sigma"": 1}",15.641984235473899
train/pair_27/0008,fft_notch,"{""channels"": ""ycc"", ""k"": 6, ""r0"": 0.02, ""sigma"": 2}",15.641949525230288
train/pair_27/0008,fft_notch,"{""channels"": ""ycc"", ""k"": 6, ""r0"": 0.02, ""sigma"": 4}",15.64169866762848
train/pair_27/0008,fft_notch,"{""channels"": ""ycc"", ""k"": 6, ""r0"": 0.04, ""sigma"": 1}",15.641984235473899
train/pair_27/0008,fft_notch,"{""channels"": ""ycc"", ""k"": 6, ""r0"": 0.04, ""sigma"": 2}",15.641949525230288
train/pair_27/0008,fft_notch,"{""channels"": ""ycc"", ""k"": 6, ""r0"": 0.04, ""sigma"": 4}",15.64169866762848
train/pair_27/0008,fft_notch,"{""channels"": ""ycc"", ""k"": 6, ""r0"": 0.08, ""sigma"": 1}",15.641984235473899
train/pair_27/0008,fft_notch,"{""channels"": ""ycc"", ""k"": 6, ""r0"": 0.08, ""sigma"": 2}",15.641949525230288
train/pair_27/0008,fft_notch,"{""channels"": ""ycc"", ""k"": 6, ""r0"": 0.08, ""sigma"": 4}",15.64169866762848
train/pair_27/0008,fft_notch_local,"{""channels"": ""y"", ""k"": 3, ""r0"": 0.1, ""sigma"": 1}",15.75820453964418
train/pair_27/0008,fft_notch_local,"{""channels"": ""y"", ""k"": 3, ""r0"": 0.1, ""sigma"": 2}",15.80274301196265
train/pair_27/0008,fft_notch_local,"{""channels"": ""y"", ""k"": 4, ""r0"": 0.1, ""sigma"": 1}",15.732399250250147
train/pair_27/0008,fft_notch_local,"{""channels"": ""y"", ""k"": 4, ""r0"": 0.1, ""sigma"": 2}",15.771235849056621
train/pair_27/0008,fft_notch_local,"{""channels"": ""y"", ""k"": 6, ""r0"": 0.1, ""sigma"": 1}",15.647877905866281
train/pair_27/0008,fft_notch_local,"{""channels"": ""y"", ""k"": 6, ""r0"": 0.1, ""sigma"": 2}",15.651856756431785
train/pair_27/0083,identity,{},17.782908156434143
train/pair_27/0083,chroma_lowpass,"{""sigma"": 1}",17.788870045855035
train/pair_27/0083,chroma_lowpass,"{""sigma"": 2}",17.799908701240074
train/pair_27/0083,chroma_lowpass,"{""sigma"": 4}",17.82167014439803
train/pair_27/0083,chroma_lowpass,"{""sigma"": 8}",17.836570044511728
train/pair_27/0083,fft_notch,"{""channels"": ""y"", ""k"": 3, ""r0"": 0.02, ""sigma"": 1}",17.689254334532464
train/pair_27/0083,fft_notch,"{""channels"": ""y"", ""k"": 3, ""r0"": 0.02, ""sigma"": 2}",17.628039452540357
train/pair_27/0083,fft_notch,"{""channels"": ""y"", ""k"": 3, ""r0"": 0.02, ""sigma"": 4}",17.48913542384511
train/pair_27/0083,fft_notch,"{""channels"": ""y"", ""k"": 3, ""r0"": 0.04, ""sigma"": 1}",17.78237036233186
train/pair_27/0083,fft_notch,"{""channels"": ""y"", ""k"": 3, ""r0"": 0.04, ""sigma"": 2}",17.78033358837004
train/pair_27/0083,fft_notch,"{""channels"": ""y"", ""k"": 3, ""r0"": 0.04, ""sigma"": 4}",17.77707438456528
train/pair_27/0083,fft_notch,"{""channels"": ""y"", ""k"": 3, ""r0"": 0.08, ""sigma"": 1}",17.78237036233186
train/pair_27/0083,fft_notch,"{""channels"": ""y"", ""k"": 3, ""r0"": 0.08, ""sigma"": 2}",17.78033358837004
train/pair_27/0083,fft_notch,"{""channels"": ""y"", ""k"": 3, ""r0"": 0.08, ""sigma"": 4}",17.77707438456528
train/pair_27/0083,fft_notch,"{""channels"": ""y"", ""k"": 4, ""r0"": 0.02, ""sigma"": 1}",17.780181525367578
train/pair_27/0083,fft_notch,"{""channels"": ""y"", ""k"": 4, ""r0"": 0.02, ""sigma"": 2}",17.781332262119758
train/pair_27/0083,fft_notch,"{""channels"": ""y"", ""k"": 4, ""r0"": 0.02, ""sigma"": 4}",17.782234264206398
train/pair_27/0083,fft_notch,"{""channels"": ""y"", ""k"": 4, ""r0"": 0.04, ""sigma"": 1}",17.780181525367578
train/pair_27/0083,fft_notch,"{""channels"": ""y"", ""k"": 4, ""r0"": 0.04, ""sigma"": 2}",17.781332262119758
train/pair_27/0083,fft_notch,"{""channels"": ""y"", ""k"": 4, ""r0"": 0.04, ""sigma"": 4}",17.782234264206398
train/pair_27/0083,fft_notch,"{""channels"": ""y"", ""k"": 4, ""r0"": 0.08, ""sigma"": 1}",17.780181525367578
train/pair_27/0083,fft_notch,"{""channels"": ""y"", ""k"": 4, ""r0"": 0.08, ""sigma"": 2}",17.781332262119758
train/pair_27/0083,fft_notch,"{""channels"": ""y"", ""k"": 4, ""r0"": 0.08, ""sigma"": 4}",17.782234264206398
train/pair_27/0083,fft_notch,"{""channels"": ""y"", ""k"": 6, ""r0"": 0.02, ""sigma"": 1}",17.78383901198569
train/pair_27/0083,fft_notch,"{""channels"": ""y"", ""k"": 6, ""r0"": 0.02, ""sigma"": 2}",17.7841933943714
train/pair_27/0083,fft_notch,"{""channels"": ""y"", ""k"": 6, ""r0"": 0.02, ""sigma"": 4}",17.78442487942364
train/pair_27/0083,fft_notch,"{""channels"": ""y"", ""k"": 6, ""r0"": 0.04, ""sigma"": 1}",17.78383901198569
train/pair_27/0083,fft_notch,"{""channels"": ""y"", ""k"": 6, ""r0"": 0.04, ""sigma"": 2}",17.7841933943714
train/pair_27/0083,fft_notch,"{""channels"": ""y"", ""k"": 6, ""r0"": 0.04, ""sigma"": 4}",17.78442487942364
train/pair_27/0083,fft_notch,"{""channels"": ""y"", ""k"": 6, ""r0"": 0.08, ""sigma"": 1}",17.78383901198569
train/pair_27/0083,fft_notch,"{""channels"": ""y"", ""k"": 6, ""r0"": 0.08, ""sigma"": 2}",17.7841933943714
train/pair_27/0083,fft_notch,"{""channels"": ""y"", ""k"": 6, ""r0"": 0.08, ""sigma"": 4}",17.78442487942364
train/pair_27/0083,fft_notch,"{""channels"": ""ycc"", ""k"": 3, ""r0"": 0.02, ""sigma"": 1}",17.68929695490427
train/pair_27/0083,fft_notch,"{""channels"": ""ycc"", ""k"": 3, ""r0"": 0.02, ""sigma"": 2}",17.628063379819153
train/pair_27/0083,fft_notch,"{""channels"": ""ycc"", ""k"": 3, ""r0"": 0.02, ""sigma"": 4}",17.48917391108805
train/pair_27/0083,fft_notch,"{""channels"": ""ycc"", ""k"": 3, ""r0"": 0.04, ""sigma"": 1}",17.78234423531869
train/pair_27/0083,fft_notch,"{""channels"": ""ycc"", ""k"": 3, ""r0"": 0.04, ""sigma"": 2}",17.780399040747387
train/pair_27/0083,fft_notch,"{""channels"": ""ycc"", ""k"": 3, ""r0"": 0.04, ""sigma"": 4}",17.777136346247598
train/pair_27/0083,fft_notch,"{""channels"": ""ycc"", ""k"": 3, ""r0"": 0.08, ""sigma"": 1}",17.78234423531869
train/pair_27/0083,fft_notch,"{""channels"": ""ycc"", ""k"": 3, ""r0"": 0.08, ""sigma"": 2}",17.780399040747387
train/pair_27/0083,fft_notch,"{""channels"": ""ycc"", ""k"": 3, ""r0"": 0.08, ""sigma"": 4}",17.777136346247598
train/pair_27/0083,fft_notch,"{""channels"": ""ycc"", ""k"": 4, ""r0"": 0.02, ""sigma"": 1}",17.7827731095957
train/pair_27/0083,fft_notch,"{""channels"": ""ycc"", ""k"": 4, ""r0"": 0.02, ""sigma"": 2}",17.78284395542968
train/pair_27/0083,fft_notch,"{""channels"": ""ycc"", ""k"": 4, ""r0"": 0.02, ""sigma"": 4}",17.78306455479959
train/pair_27/0083,fft_notch,"{""channels"": ""ycc"", ""k"": 4, ""r0"": 0.04, ""sigma"": 1}",17.7827731095957
train/pair_27/0083,fft_notch,"{""channels"": ""ycc"", ""k"": 4, ""r0"": 0.04, ""sigma"": 2}",17.78284395542968
train/pair_27/0083,fft_notch,"{""channels"": ""ycc"", ""k"": 4, ""r0"": 0.04, ""sigma"": 4}",17.78306455479959
train/pair_27/0083,fft_notch,"{""channels"": ""ycc"", ""k"": 4, ""r0"": 0.08, ""sigma"": 1}",17.7827731095957
train/pair_27/0083,fft_notch,"{""channels"": ""ycc"", ""k"": 4, ""r0"": 0.08, ""sigma"": 2}",17.78284395542968
train/pair_27/0083,fft_notch,"{""channels"": ""ycc"", ""k"": 4, ""r0"": 0.08, ""sigma"": 4}",17.78306455479959
train/pair_27/0083,fft_notch,"{""channels"": ""ycc"", ""k"": 6, ""r0"": 0.02, ""sigma"": 1}",17.784163074098004
train/pair_27/0083,fft_notch,"{""channels"": ""ycc"", ""k"": 6, ""r0"": 0.02, ""sigma"": 2}",17.78414812226646
train/pair_27/0083,fft_notch,"{""channels"": ""ycc"", ""k"": 6, ""r0"": 0.02, ""sigma"": 4}",17.78394911209185
train/pair_27/0083,fft_notch,"{""channels"": ""ycc"", ""k"": 6, ""r0"": 0.04, ""sigma"": 1}",17.784163074098004
train/pair_27/0083,fft_notch,"{""channels"": ""ycc"", ""k"": 6, ""r0"": 0.04, ""sigma"": 2}",17.78414812226646
train/pair_27/0083,fft_notch,"{""channels"": ""ycc"", ""k"": 6, ""r0"": 0.04, ""sigma"": 4}",17.78394911209185
train/pair_27/0083,fft_notch,"{""channels"": ""ycc"", ""k"": 6, ""r0"": 0.08, ""sigma"": 1}",17.784163074098004
train/pair_27/0083,fft_notch,"{""channels"": ""ycc"", ""k"": 6, ""r0"": 0.08, ""sigma"": 2}",17.78414812226646
train/pair_27/0083,fft_notch,"{""channels"": ""ycc"", ""k"": 6, ""r0"": 0.08, ""sigma"": 4}",17.78394911209185
train/pair_27/0083,fft_notch_local,"{""channels"": ""y"", ""k"": 3, ""r0"": 0.1, ""sigma"": 1}",17.8499836485098
train/pair_27/0083,fft_notch_local,"{""channels"": ""y"", ""k"": 3, ""r0"": 0.1, ""sigma"": 2}",17.84549063862334
train/pair_27/0083,fft_notch_local,"{""channels"": ""y"", ""k"": 4, ""r0"": 0.1, ""sigma"": 1}",17.84268233919317
train/pair_27/0083,fft_notch_local,"{""channels"": ""y"", ""k"": 4, ""r0"": 0.1, ""sigma"": 2}",17.840126909819208
train/pair_27/0083,fft_notch_local,"{""channels"": ""y"", ""k"": 6, ""r0"": 0.1, ""sigma"": 1}",17.79453210284663
train/pair_27/0083,fft_notch_local,"{""channels"": ""y"", ""k"": 6, ""r0"": 0.1, ""sigma"": 2}",17.79595942880385
train/pair_mi_05/0041,identity,{},15.13825811259553
train/pair_mi_05/0041,chroma_lowpass,"{""sigma"": 1}",15.140744772877245
train/pair_mi_05/0041,chroma_lowpass,"{""sigma"": 2}",15.145547066277306
train/pair_mi_05/0041,chroma_lowpass,"{""sigma"": 4}",15.156341712982135
train/pair_mi_05/0041,chroma_lowpass,"{""sigma"": 8}",15.170618536643975
train/pair_mi_05/0041,fft_notch,"{""channels"": ""y"", ""k"": 3, ""r0"": 0.02, ""sigma"": 1}",15.138242609080043
train/pair_mi_05/0041,fft_notch,"{""channels"": ""y"", ""k"": 3, ""r0"": 0.02, ""sigma"": 2}",15.13816627032492
train/pair_mi_05/0041,fft_notch,"{""channels"": ""y"", ""k"": 3, ""r0"": 0.02, ""sigma"": 4}",15.137960958661168
train/pair_mi_05/0041,fft_notch,"{""channels"": ""y"", ""k"": 3, ""r0"": 0.04, ""sigma"": 1}",15.138242609080043
train/pair_mi_05/0041,fft_notch,"{""channels"": ""y"", ""k"": 3, ""r0"": 0.04, ""sigma"": 2}",15.13816627032492
train/pair_mi_05/0041,fft_notch,"{""channels"": ""y"", ""k"": 3, ""r0"": 0.04, ""sigma"": 4}",15.137960958661168
train/pair_mi_05/0041,fft_notch,"{""channels"": ""y"", ""k"": 3, ""r0"": 0.08, ""sigma"": 1}",15.138242609080043
train/pair_mi_05/0041,fft_notch,"{""channels"": ""y"", ""k"": 3, ""r0"": 0.08, ""sigma"": 2}",15.13816627032492
train/pair_mi_05/0041,fft_notch,"{""channels"": ""y"", ""k"": 3, ""r0"": 0.08, ""sigma"": 4}",15.137960958661168
train/pair_mi_05/0041,fft_notch,"{""channels"": ""y"", ""k"": 4, ""r0"": 0.02, ""sigma"": 1}",15.13825811259553
train/pair_mi_05/0041,fft_notch,"{""channels"": ""y"", ""k"": 4, ""r0"": 0.02, ""sigma"": 2}",15.138177407124259
train/pair_mi_05/0041,fft_notch,"{""channels"": ""y"", ""k"": 4, ""r0"": 0.02, ""sigma"": 4}",15.13800853367316
train/pair_mi_05/0041,fft_notch,"{""channels"": ""y"", ""k"": 4, ""r0"": 0.04, ""sigma"": 1}",15.13825811259553
train/pair_mi_05/0041,fft_notch,"{""channels"": ""y"", ""k"": 4, ""r0"": 0.04, ""sigma"": 2}",15.138177407124259
train/pair_mi_05/0041,fft_notch,"{""channels"": ""y"", ""k"": 4, ""r0"": 0.04, ""sigma"": 4}",15.13800853367316
train/pair_mi_05/0041,fft_notch,"{""channels"": ""y"", ""k"": 4, ""r0"": 0.08, ""sigma"": 1}",15.13825811259553
train/pair_mi_05/0041,fft_notch,"{""channels"": ""y"", ""k"": 4, ""r0"": 0.08, ""sigma"": 2}",15.138177407124259
train/pair_mi_05/0041,fft_notch,"{""channels"": ""y"", ""k"": 4, ""r0"": 0.08, ""sigma"": 4}",15.13800853367316
train/pair_mi_05/0041,fft_notch,"{""channels"": ""y"", ""k"": 6, ""r0"": 0.02, ""sigma"": 1}",15.13825811259553
train/pair_mi_05/0041,fft_notch,"{""channels"": ""y"", ""k"": 6, ""r0"": 0.02, ""sigma"": 2}",15.13825811259553
train/pair_mi_05/0041,fft_notch,"{""channels"": ""y"", ""k"": 6, ""r0"": 0.02, ""sigma"": 4}",15.13825811259553
train/pair_mi_05/0041,fft_notch,"{""channels"": ""y"", ""k"": 6, ""r0"": 0.04, ""sigma"": 1}",15.13825811259553
train/pair_mi_05/0041,fft_notch,"{""channels"": ""y"", ""k"": 6, ""r0"": 0.04, ""sigma"": 2}",15.13825811259553
train/pair_mi_05/0041,fft_notch,"{""channels"": ""y"", ""k"": 6, ""r0"": 0.04, ""sigma"": 4}",15.13825811259553
train/pair_mi_05/0041,fft_notch,"{""channels"": ""y"", ""k"": 6, ""r0"": 0.08, ""sigma"": 1}",15.13825811259553
train/pair_mi_05/0041,fft_notch,"{""channels"": ""y"", ""k"": 6, ""r0"": 0.08, ""sigma"": 2}",15.13825811259553
train/pair_mi_05/0041,fft_notch,"{""channels"": ""y"", ""k"": 6, ""r0"": 0.08, ""sigma"": 4}",15.13825811259553
train/pair_mi_05/0041,fft_notch,"{""channels"": ""ycc"", ""k"": 3, ""r0"": 0.02, ""sigma"": 1}",15.138528134831002
train/pair_mi_05/0041,fft_notch,"{""channels"": ""ycc"", ""k"": 3, ""r0"": 0.02, ""sigma"": 2}",15.139076000103477
train/pair_mi_05/0041,fft_notch,"{""channels"": ""ycc"", ""k"": 3, ""r0"": 0.02, ""sigma"": 4}",15.140375841536958
train/pair_mi_05/0041,fft_notch,"{""channels"": ""ycc"", ""k"": 3, ""r0"": 0.04, ""sigma"": 1}",15.138404601158326
train/pair_mi_05/0041,fft_notch,"{""channels"": ""ycc"", ""k"": 3, ""r0"": 0.04, ""sigma"": 2}",15.13855213866027
train/pair_mi_05/0041,fft_notch,"{""channels"": ""ycc"", ""k"": 3, ""r0"": 0.04, ""sigma"": 4}",15.139288946570028
train/pair_mi_05/0041,fft_notch,"{""channels"": ""ycc"", ""k"": 3, ""r0"": 0.08, ""sigma"": 1}",15.138199553465679
train/pair_mi_05/0041,fft_notch,"{""channels"": ""ycc"", ""k"": 3, ""r0"": 0.08, ""sigma"": 2}",15.138038601819208
train/pair_mi_05/0041,fft_notch,"{""channels"": ""ycc"", ""k"": 3, ""r0"": 0.08, ""sigma"": 4}",15.137958976421809
train/pair_mi_05/0041,fft_notch,"{""channels"": ""ycc"", ""k"": 4, ""r0"": 0.02, ""sigma"": 1}",15.138252862087874
train/pair_mi_05/0041,fft_notch,"{""channels"": ""ycc"", ""k"": 4, ""r0"": 0.02, ""sigma"": 2}",15.138059831590901
train/pair_mi_05/0041,fft_notch,"{""channels"": ""ycc"", ""k"": 4, ""r0"": 0.02, ""sigma"": 4}",15.137993419351394
train/pair_mi_05/0041,fft_notch,"{""channels"": ""ycc"", ""k"": 4, ""r0"": 0.04, ""sigma"": 1}",15.138252862087874
train/pair_mi_05/0041,fft_notch,"{""channels"": ""ycc"", ""k"": 4, ""r0"": 0.04, ""sigma"": 2}",15.138059831590901
train/pair_mi_05/0041,fft_notch,"{""channels"": ""ycc"", ""k"": 4, ""r0"": 0.04, ""sigma"": 4}",15.137993419351394
train/pair_mi_05/0041,fft_notch,"{""channels"": ""ycc"", ""k"": 4, ""r0"": 0.08, ""sigma"": 1}",15.138252862087874
train/pair_mi_05/0041,fft_notch,"{""channels"": ""ycc"", ""k"": 4, ""r0"": 0.08, ""sigma"": 2}",15.138059831590901
train/pair_mi_05/0041,fft_notch,"{""channels"": ""ycc"", ""k"": 4, ""r0"": 0.08, ""sigma"": 4}",15.137993419351394
train/pair_mi_05/0041,fft_notch,"{""channels"": ""ycc"", ""k"": 6, ""r0"": 0.02, ""sigma"": 1}",15.13825811259553
train/pair_mi_05/0041,fft_notch,"{""channels"": ""ycc"", ""k"": 6, ""r0"": 0.02, ""sigma"": 2}",15.13825811259553
train/pair_mi_05/0041,fft_notch,"{""channels"": ""ycc"", ""k"": 6, ""r0"": 0.02, ""sigma"": 4}",15.13825811259553
train/pair_mi_05/0041,fft_notch,"{""channels"": ""ycc"", ""k"": 6, ""r0"": 0.04, ""sigma"": 1}",15.13825811259553
train/pair_mi_05/0041,fft_notch,"{""channels"": ""ycc"", ""k"": 6, ""r0"": 0.04, ""sigma"": 2}",15.13825811259553
train/pair_mi_05/0041,fft_notch,"{""channels"": ""ycc"", ""k"": 6, ""r0"": 0.04, ""sigma"": 4}",15.13825811259553
train/pair_mi_05/0041,fft_notch,"{""channels"": ""ycc"", ""k"": 6, ""r0"": 0.08, ""sigma"": 1}",15.13825811259553
train/pair_mi_05/0041,fft_notch,"{""channels"": ""ycc"", ""k"": 6, ""r0"": 0.08, ""sigma"": 2}",15.13825811259553
train/pair_mi_05/0041,fft_notch,"{""channels"": ""ycc"", ""k"": 6, ""r0"": 0.08, ""sigma"": 4}",15.13825811259553
train/pair_mi_05/0041,fft_notch_local,"{""channels"": ""y"", ""k"": 3, ""r0"": 0.1, ""sigma"": 1}",15.148850281979138
train/pair_mi_05/0041,fft_notch_local,"{""channels"": ""y"", ""k"": 3, ""r0"": 0.1, ""sigma"": 2}",15.146467950256152
train/pair_mi_05/0041,fft_notch_local,"{""channels"": ""y"", ""k"": 4, ""r0"": 0.1, ""sigma"": 1}",15.146200212563128
train/pair_mi_05/0041,fft_notch_local,"{""channels"": ""y"", ""k"": 4, ""r0"": 0.1, ""sigma"": 2}",15.142637991698411
train/pair_mi_05/0041,fft_notch_local,"{""channels"": ""y"", ""k"": 6, ""r0"": 0.1, ""sigma"": 1}",15.138703462515082
train/pair_mi_05/0041,fft_notch_local,"{""channels"": ""y"", ""k"": 6, ""r0"": 0.1, ""sigma"": 2}",15.138052257494522
train/pair_mi_05/0067,identity,{},13.75500572221559
train/pair_mi_05/0067,chroma_lowpass,"{""sigma"": 1}",13.75605114969961
train/pair_mi_05/0067,chroma_lowpass,"{""sigma"": 2}",13.75760417959748
train/pair_mi_05/0067,chroma_lowpass,"{""sigma"": 4}",13.760280715304468
train/pair_mi_05/0067,chroma_lowpass,"{""sigma"": 8}",13.762180707423276
train/pair_mi_05/0067,fft_notch,"{""channels"": ""y"", ""k"": 3, ""r0"": 0.02, ""sigma"": 1}",13.762926123573724
train/pair_mi_05/0067,fft_notch,"{""channels"": ""y"", ""k"": 3, ""r0"": 0.02, ""sigma"": 2}",13.765420658925345
train/pair_mi_05/0067,fft_notch,"{""channels"": ""y"", ""k"": 3, ""r0"": 0.02, ""sigma"": 4}",13.768361914699641
train/pair_mi_05/0067,fft_notch,"{""channels"": ""y"", ""k"": 3, ""r0"": 0.04, ""sigma"": 1}",13.762926123573724
train/pair_mi_05/0067,fft_notch,"{""channels"": ""y"", ""k"": 3, ""r0"": 0.04, ""sigma"": 2}",13.765420658925345
train/pair_mi_05/0067,fft_notch,"{""channels"": ""y"", ""k"": 3, ""r0"": 0.04, ""sigma"": 4}",13.768361914699641
train/pair_mi_05/0067,fft_notch,"{""channels"": ""y"", ""k"": 3, ""r0"": 0.08, ""sigma"": 1}",13.762926123573724
train/pair_mi_05/0067,fft_notch,"{""channels"": ""y"", ""k"": 3, ""r0"": 0.08, ""sigma"": 2}",13.765420658925345
train/pair_mi_05/0067,fft_notch,"{""channels"": ""y"", ""k"": 3, ""r0"": 0.08, ""sigma"": 4}",13.768361914699641
train/pair_mi_05/0067,fft_notch,"{""channels"": ""y"", ""k"": 4, ""r0"": 0.02, ""sigma"": 1}",13.758564544489275
train/pair_mi_05/0067,fft_notch,"{""channels"": ""y"", ""k"": 4, ""r0"": 0.02, ""sigma"": 2}",13.759125170751998
train/pair_mi_05/0067,fft_notch,"{""channels"": ""y"", ""k"": 4, ""r0"": 0.02, ""sigma"": 4}",13.759300891608966
train/pair_mi_05/0067,fft_notch,"{""channels"": ""y"", ""k"": 4, ""r0"": 0.04, ""sigma"": 1}",13.758564544489275
train/pair_mi_05/0067,fft_notch,"{""channels"": ""y"", ""k"": 4, ""r0"": 0.04, ""sigma"": 2}",13.759125170751998
train/pair_mi_05/0067,fft_notch,"{""channels"": ""y"", ""k"": 4, ""r0"": 0.04, ""sigma"": 4}",13.759300891608966
train/pair_mi_05/0067,fft_notch,"{""channels"": ""y"", ""k"": 4, ""r0"": 0.08, ""sigma"": 1}",13.758564544489275
train/pair_mi_05/0067,fft_notch,"{""channels"": ""y"", ""k"": 4, ""r0"": 0.08, ""sigma"": 2}",13.759125170751998
train/pair_mi_05/0067,fft_notch,"{""channels"": ""y"", ""k"": 4, ""r0"": 0.08, ""sigma"": 4}",13.759300891608966
train/pair_mi_05/0067,fft_notch,"{""channels"": ""y"", ""k"": 6, ""r0"": 0.02, ""sigma"": 1}",13.75500572221559
train/pair_mi_05/0067,fft_notch,"{""channels"": ""y"", ""k"": 6, ""r0"": 0.02, ""sigma"": 2}",13.75500572221559
train/pair_mi_05/0067,fft_notch,"{""channels"": ""y"", ""k"": 6, ""r0"": 0.02, ""sigma"": 4}",13.75500572221559
train/pair_mi_05/0067,fft_notch,"{""channels"": ""y"", ""k"": 6, ""r0"": 0.04, ""sigma"": 1}",13.75500572221559
train/pair_mi_05/0067,fft_notch,"{""channels"": ""y"", ""k"": 6, ""r0"": 0.04, ""sigma"": 2}",13.75500572221559
train/pair_mi_05/0067,fft_notch,"{""channels"": ""y"", ""k"": 6, ""r0"": 0.04, ""sigma"": 4}",13.75500572221559
train/pair_mi_05/0067,fft_notch,"{""channels"": ""y"", ""k"": 6, ""r0"": 0.08, ""sigma"": 1}",13.75500572221559
train/pair_mi_05/0067,fft_notch,"{""channels"": ""y"", ""k"": 6, ""r0"": 0.08, ""sigma"": 2}",13.75500572221559
train/pair_mi_05/0067,fft_notch,"{""channels"": ""y"", ""k"": 6, ""r0"": 0.08, ""sigma"": 4}",13.75500572221559
train/pair_mi_05/0067,fft_notch,"{""channels"": ""ycc"", ""k"": 3, ""r0"": 0.02, ""sigma"": 1}",13.763066082921146
train/pair_mi_05/0067,fft_notch,"{""channels"": ""ycc"", ""k"": 3, ""r0"": 0.02, ""sigma"": 2}",13.76557137064766
train/pair_mi_05/0067,fft_notch,"{""channels"": ""ycc"", ""k"": 3, ""r0"": 0.02, ""sigma"": 4}",13.768543772638909
train/pair_mi_05/0067,fft_notch,"{""channels"": ""ycc"", ""k"": 3, ""r0"": 0.04, ""sigma"": 1}",13.763066082921146
train/pair_mi_05/0067,fft_notch,"{""channels"": ""ycc"", ""k"": 3, ""r0"": 0.04, ""sigma"": 2}",13.76557137064766
train/pair_mi_05/0067,fft_notch,"{""channels"": ""ycc"", ""k"": 3, ""r0"": 0.04, ""sigma"": 4}",13.768543772638909
train/pair_mi_05/0067,fft_notch,"{""channels"": ""ycc"", ""k"": 3, ""r0"": 0.08, ""sigma"": 1}",13.762983850707455
train/pair_mi_05/0067,fft_notch,"{""channels"": ""ycc"", ""k"": 3, ""r0"": 0.08, ""sigma"": 2}",13.765467059846035
train/pair_mi_05/0067,fft_notch,"{""channels"": ""ycc"", ""k"": 3, ""r0"": 0.08, ""sigma"": 4}",13.76835678534826
train/pair_mi_05/0067,fft_notch,"{""channels"": ""ycc"", ""k"": 4, ""r0"": 0.02, ""sigma"": 1}",13.758548985988968
train/pair_mi_05/0067,fft_notch,"{""channels"": ""ycc"", ""k"": 4, ""r0"": 0.02, ""sigma"": 2}",13.759153707267487
train/pair_mi_05/0067,fft_notch,"{""channels"": ""ycc"", ""k"": 4, ""r0"": 0.02, ""sigma"": 4}",13.759341338748692
train/pair_mi_05/0067,fft_notch,"{""channels"": ""ycc"", ""k"": 4, ""r0"": 0.04, ""sigma"": 1}",13.758548985988968
train/pair_mi_05/0067,fft_notch,"{""channels"": ""ycc"", ""k"": 4, ""r0"": 0.04, ""sigma"": 2}",13.759153707267487
train/pair_mi_05/0067,fft_notch,"{""channels"": ""ycc"", ""k"": 4, ""r0"": 0.04, ""sigma"": 4}",13.759341338748692
train/pair_mi_05/0067,fft_notch,"{""channels"": ""ycc"", ""k"": 4, ""r0"": 0.08, ""sigma"": 1}",13.758548985988968
train/pair_mi_05/0067,fft_notch,"{""channels"": ""ycc"", ""k"": 4, ""r0"": 0.08, ""sigma"": 2}",13.759153707267487
train/pair_mi_05/0067,fft_notch,"{""channels"": ""ycc"", ""k"": 4, ""r0"": 0.08, ""sigma"": 4}",13.759341338748692
train/pair_mi_05/0067,fft_notch,"{""channels"": ""ycc"", ""k"": 6, ""r0"": 0.02, ""sigma"": 1}",13.75500572221559
train/pair_mi_05/0067,fft_notch,"{""channels"": ""ycc"", ""k"": 6, ""r0"": 0.02, ""sigma"": 2}",13.75500572221559
train/pair_mi_05/0067,fft_notch,"{""channels"": ""ycc"", ""k"": 6, ""r0"": 0.02, ""sigma"": 4}",13.75500572221559
train/pair_mi_05/0067,fft_notch,"{""channels"": ""ycc"", ""k"": 6, ""r0"": 0.04, ""sigma"": 1}",13.75500572221559
train/pair_mi_05/0067,fft_notch,"{""channels"": ""ycc"", ""k"": 6, ""r0"": 0.04, ""sigma"": 2}",13.75500572221559
train/pair_mi_05/0067,fft_notch,"{""channels"": ""ycc"", ""k"": 6, ""r0"": 0.04, ""sigma"": 4}",13.75500572221559
train/pair_mi_05/0067,fft_notch,"{""channels"": ""ycc"", ""k"": 6, ""r0"": 0.08, ""sigma"": 1}",13.75500572221559
train/pair_mi_05/0067,fft_notch,"{""channels"": ""ycc"", ""k"": 6, ""r0"": 0.08, ""sigma"": 2}",13.75500572221559
train/pair_mi_05/0067,fft_notch,"{""channels"": ""ycc"", ""k"": 6, ""r0"": 0.08, ""sigma"": 4}",13.75500572221559
train/pair_mi_05/0067,fft_notch_local,"{""channels"": ""y"", ""k"": 3, ""r0"": 0.1, ""sigma"": 1}",14.00004792552429
train/pair_mi_05/0067,fft_notch_local,"{""channels"": ""y"", ""k"": 3, ""r0"": 0.1, ""sigma"": 2}",14.008794613157745
train/pair_mi_05/0067,fft_notch_local,"{""channels"": ""y"", ""k"": 4, ""r0"": 0.1, ""sigma"": 1}",13.917576362039043
train/pair_mi_05/0067,fft_notch_local,"{""channels"": ""y"", ""k"": 4, ""r0"": 0.1, ""sigma"": 2}",13.926924326858954
train/pair_mi_05/0067,fft_notch_local,"{""channels"": ""y"", ""k"": 6, ""r0"": 0.1, ""sigma"": 1}",13.779332588598876
train/pair_mi_05/0067,fft_notch_local,"{""channels"": ""y"", ""k"": 6, ""r0"": 0.1, ""sigma"": 2}",13.78104493549407
train/pair_mi_06/0073,identity,{},12.393547653297043
train/pair_mi_06/0073,chroma_lowpass,"{""sigma"": 1}",12.397854312988073
train/pair_mi_06/0073,chroma_lowpass,"{""sigma"": 2}",12.399686917970556
train/pair_mi_06/0073,chroma_lowpass,"{""sigma"": 4}",12.401396124026437
train/pair_mi_06/0073,chroma_lowpass,"{""sigma"": 8}",12.402433946106296
train/pair_mi_06/0073,fft_notch,"{""channels"": ""y"", ""k"": 3, ""r0"": 0.02, ""sigma"": 1}",12.397013836869286
train/pair_mi_06/0073,fft_notch,"{""channels"": ""y"", ""k"": 3, ""r0"": 0.02, ""sigma"": 2}",12.396267109494657
train/pair_mi_06/0073,fft_notch,"{""channels"": ""y"", ""k"": 3, ""r0"": 0.02, ""sigma"": 4}",12.396255167708157
train/pair_mi_06/0073,fft_notch,"{""channels"": ""y"", ""k"": 3, ""r0"": 0.04, ""sigma"": 1}",12.397013836869286
train/pair_mi_06/0073,fft_notch,"{""channels"": ""y"", ""k"": 3, ""r0"": 0.04, ""sigma"": 2}",12.396267109494657
train/pair_mi_06/0073,fft_notch,"{""channels"": ""y"", ""k"": 3, ""r0"": 0.04, ""sigma"": 4}",12.396255167708157
train/pair_mi_06/0073,fft_notch,"{""channels"": ""y"", ""k"": 3, ""r0"": 0.08, ""sigma"": 1}",12.397013836869286
train/pair_mi_06/0073,fft_notch,"{""channels"": ""y"", ""k"": 3, ""r0"": 0.08, ""sigma"": 2}",12.396267109494657
train/pair_mi_06/0073,fft_notch,"{""channels"": ""y"", ""k"": 3, ""r0"": 0.08, ""sigma"": 4}",12.396255167708157
train/pair_mi_06/0073,fft_notch,"{""channels"": ""y"", ""k"": 4, ""r0"": 0.02, ""sigma"": 1}",12.395033149480126
train/pair_mi_06/0073,fft_notch,"{""channels"": ""y"", ""k"": 4, ""r0"": 0.02, ""sigma"": 2}",12.395799394952991
train/pair_mi_06/0073,fft_notch,"{""channels"": ""y"", ""k"": 4, ""r0"": 0.02, ""sigma"": 4}",12.39554473868923
train/pair_mi_06/0073,fft_notch,"{""channels"": ""y"", ""k"": 4, ""r0"": 0.04, ""sigma"": 1}",12.395033149480126
train/pair_mi_06/0073,fft_notch,"{""channels"": ""y"", ""k"": 4, ""r0"": 0.04, ""sigma"": 2}",12.395799394952991
train/pair_mi_06/0073,fft_notch,"{""channels"": ""y"", ""k"": 4, ""r0"": 0.04, ""sigma"": 4}",12.39554473868923
train/pair_mi_06/0073,fft_notch,"{""channels"": ""y"", ""k"": 4, ""r0"": 0.08, ""sigma"": 1}",12.395033149480126
train/pair_mi_06/0073,fft_notch,"{""channels"": ""y"", ""k"": 4, ""r0"": 0.08, ""sigma"": 2}",12.395799394952991
train/pair_mi_06/0073,fft_notch,"{""channels"": ""y"", ""k"": 4, ""r0"": 0.08, ""sigma"": 4}",12.39554473868923
train/pair_mi_06/0073,fft_notch,"{""channels"": ""y"", ""k"": 6, ""r0"": 0.02, ""sigma"": 1}",12.393547653297043
train/pair_mi_06/0073,fft_notch,"{""channels"": ""y"", ""k"": 6, ""r0"": 0.02, ""sigma"": 2}",12.393547653297043
train/pair_mi_06/0073,fft_notch,"{""channels"": ""y"", ""k"": 6, ""r0"": 0.02, ""sigma"": 4}",12.393547653297043
train/pair_mi_06/0073,fft_notch,"{""channels"": ""y"", ""k"": 6, ""r0"": 0.04, ""sigma"": 1}",12.393547653297043
train/pair_mi_06/0073,fft_notch,"{""channels"": ""y"", ""k"": 6, ""r0"": 0.04, ""sigma"": 2}",12.393547653297043
train/pair_mi_06/0073,fft_notch,"{""channels"": ""y"", ""k"": 6, ""r0"": 0.04, ""sigma"": 4}",12.393547653297043
train/pair_mi_06/0073,fft_notch,"{""channels"": ""y"", ""k"": 6, ""r0"": 0.08, ""sigma"": 1}",12.393547653297043
train/pair_mi_06/0073,fft_notch,"{""channels"": ""y"", ""k"": 6, ""r0"": 0.08, ""sigma"": 2}",12.393547653297043
train/pair_mi_06/0073,fft_notch,"{""channels"": ""y"", ""k"": 6, ""r0"": 0.08, ""sigma"": 4}",12.393547653297043
train/pair_mi_06/0073,fft_notch,"{""channels"": ""ycc"", ""k"": 3, ""r0"": 0.02, ""sigma"": 1}",12.39527447090235
train/pair_mi_06/0073,fft_notch,"{""channels"": ""ycc"", ""k"": 3, ""r0"": 0.02, ""sigma"": 2}",12.394776146474332
train/pair_mi_06/0073,fft_notch,"{""channels"": ""ycc"", ""k"": 3, ""r0"": 0.02, ""sigma"": 4}",12.395479195361803
train/pair_mi_06/0073,fft_notch,"{""channels"": ""ycc"", ""k"": 3, ""r0"": 0.04, ""sigma"": 1}",12.396560331727486
train/pair_mi_06/0073,fft_notch,"{""channels"": ""ycc"", ""k"": 3, ""r0"": 0.04, ""sigma"": 2}",12.395683563976423
train/pair_mi_06/0073,fft_notch,"{""channels"": ""ycc"", ""k"": 3, ""r0"": 0.04, ""sigma"": 4}",12.395554859474355
train/pair_mi_06/0073,fft_notch,"{""channels"": ""ycc"", ""k"": 3, ""r0"": 0.08, ""sigma"": 1}",12.396710143381156
train/pair_mi_06/0073,fft_notch,"{""channels"": ""ycc"", ""k"": 3, ""r0"": 0.08, ""sigma"": 2}",12.395792560758892
train/pair_mi_06/0073,fft_notch,"{""channels"": ""ycc"", ""k"": 3, ""r0"": 0.08, ""sigma"": 4}",12.395912636489559
train/pair_mi_06/0073,fft_notch,"{""channels"": ""ycc"", ""k"": 4, ""r0"": 0.02, ""sigma"": 1}",12.394129336171611
train/pair_mi_06/0073,fft_notch,"{""channels"": ""ycc"", ""k"": 4, ""r0"": 0.02, ""sigma"": 2}",12.394794690050775
train/pair_mi_06/0073,fft_notch,"{""channels"": ""ycc"", ""k"": 4, ""r0"": 0.02, ""sigma"": 4}",12.394850305224773
train/pair_mi_06/0073,fft_notch,"{""channels"": ""ycc"", ""k"": 4, ""r0"": 0.04, ""sigma"": 1}",12.394129336171611
train/pair_mi_06/0073,fft_notch,"{""channels"": ""ycc"", ""k"": 4, ""r0"": 0.04, ""sigma"": 2}",12.394794690050775
train/pair_mi_06/0073,fft_notch,"{""channels"": ""ycc"", ""k"": 4, ""r0"": 0.04, ""sigma"": 4}",12.394850305224773
train/pair_mi_06/0073,fft_notch,"{""channels"": ""ycc"", ""k"": 4, ""r0"": 0.08, ""sigma"": 1}",12.394129336171611
train/pair_mi_06/0073,fft_notch,"{""channels"": ""ycc"", ""k"": 4, ""r0"": 0.08, ""sigma"": 2}",12.394794690050775
train/pair_mi_06/0073,fft_notch,"{""channels"": ""ycc"", ""k"": 4, ""r0"": 0.08, ""sigma"": 4}",12.394850305224773
train/pair_mi_06/0073,fft_notch,"{""channels"": ""ycc"", ""k"": 6, ""r0"": 0.02, ""sigma"": 1}",12.393547653297043
train/pair_mi_06/0073,fft_notch,"{""channels"": ""ycc"", ""k"": 6, ""r0"": 0.02, ""sigma"": 2}",12.393547653297043
train/pair_mi_06/0073,fft_notch,"{""channels"": ""ycc"", ""k"": 6, ""r0"": 0.02, ""sigma"": 4}",12.393547653297043
train/pair_mi_06/0073,fft_notch,"{""channels"": ""ycc"", ""k"": 6, ""r0"": 0.04, ""sigma"": 1}",12.393547653297043
train/pair_mi_06/0073,fft_notch,"{""channels"": ""ycc"", ""k"": 6, ""r0"": 0.04, ""sigma"": 2}",12.393547653297043
train/pair_mi_06/0073,fft_notch,"{""channels"": ""ycc"", ""k"": 6, ""r0"": 0.04, ""sigma"": 4}",12.393547653297043
train/pair_mi_06/0073,fft_notch,"{""channels"": ""ycc"", ""k"": 6, ""r0"": 0.08, ""sigma"": 1}",12.393547653297043
train/pair_mi_06/0073,fft_notch,"{""channels"": ""ycc"", ""k"": 6, ""r0"": 0.08, ""sigma"": 2}",12.393547653297043
train/pair_mi_06/0073,fft_notch,"{""channels"": ""ycc"", ""k"": 6, ""r0"": 0.08, ""sigma"": 4}",12.393547653297043
train/pair_mi_06/0073,fft_notch_local,"{""channels"": ""y"", ""k"": 3, ""r0"": 0.1, ""sigma"": 1}",12.409657232261143
train/pair_mi_06/0073,fft_notch_local,"{""channels"": ""y"", ""k"": 3, ""r0"": 0.1, ""sigma"": 2}",12.412741711104886
train/pair_mi_06/0073,fft_notch_local,"{""channels"": ""y"", ""k"": 4, ""r0"": 0.1, ""sigma"": 1}",12.406453115602723
train/pair_mi_06/0073,fft_notch_local,"{""channels"": ""y"", ""k"": 4, ""r0"": 0.1, ""sigma"": 2}",12.407493790137902
train/pair_mi_06/0073,fft_notch_local,"{""channels"": ""y"", ""k"": 6, ""r0"": 0.1, ""sigma"": 1}",12.395402689708742
train/pair_mi_06/0073,fft_notch_local,"{""channels"": ""y"", ""k"": 6, ""r0"": 0.1, ""sigma"": 2}",12.395474088316474
train/pair_mi_09/0016,identity,{},21.88055792445533
train/pair_mi_09/0016,chroma_lowpass,"{""sigma"": 1}",21.884312817935655
train/pair_mi_09/0016,chroma_lowpass,"{""sigma"": 2}",21.889072449378418
train/pair_mi_09/0016,chroma_lowpass,"{""sigma"": 4}",21.89718810545731
train/pair_mi_09/0016,chroma_lowpass,"{""sigma"": 8}",21.90384242653503
train/pair_mi_09/0016,fft_notch,"{""channels"": ""y"", ""k"": 3, ""r0"": 0.02, ""sigma"": 1}",21.87169518685299
train/pair_mi_09/0016,fft_notch,"{""channels"": ""y"", ""k"": 3, ""r0"": 0.02, ""sigma"": 2}",21.85525117233282
train/pair_mi_09/0016,fft_notch,"{""channels"": ""y"", ""k"": 3, ""r0"": 0.02, ""sigma"": 4}",21.829616582732957
train/pair_mi_09/0016,fft_notch,"{""channels"": ""y"", ""k"": 3, ""r0"": 0.04, ""sigma"": 1}",21.881727541364068
train/pair_mi_09/0016,fft_notch,"{""channels"": ""y"", ""k"": 3, ""r0"": 0.04, ""sigma"": 2}",21.882128165656518
train/pair_mi_09/0016,fft_notch,"{""channels"": ""y"", ""k"": 3, ""r0"": 0.04, ""sigma"": 4}",21.88267923139889
train/pair_mi_09/0016,fft_notch,"{""channels"": ""y"", ""k"": 3, ""r0"": 0.08, ""sigma"": 1}",21.881727541364068
train/pair_mi_09/0016,fft_notch,"{""channels"": ""y"", ""k"": 3, ""r0"": 0.08, ""sigma"": 2}",21.882128165656518
train/pair_mi_09/0016,fft_notch,"{""channels"": ""y"", ""k"": 3, ""r0"": 0.08, ""sigma"": 4}",21.88267923139889
train/pair_mi_09/0016,fft_notch,"{""channels"": ""y"", ""k"": 4, ""r0"": 0.02, ""sigma"": 1}",21.88043830974326
train/pair_mi_09/0016,fft_notch,"{""channels"": ""y"", ""k"": 4, ""r0"": 0.02, ""sigma"": 2}",21.879613016216418
train/pair_mi_09/0016,fft_notch,"{""channels"": ""y"", ""k"": 4, ""r0"": 0.02, ""sigma"": 4}",21.879384942599977
train/pair_mi_09/0016,fft_notch,"{""channels"": ""y"", ""k"": 4, ""r0"": 0.04, ""sigma"": 1}",21.88043830974326
train/pair_mi_09/0016,fft_notch,"{""channels"": ""y"", ""k"": 4, ""r0"": 0.04, ""sigma"": 2}",21.879613016216418
train/pair_mi_09/0016,fft_notch,"{""channels"": ""y"", ""k"": 4, ""r0"": 0.04, ""sigma"": 4}",21.879384942599977
train/pair_mi_09/0016,fft_notch,"{""channels"": ""y"", ""k"": 4, ""r0"": 0.08, ""sigma"": 1}",21.88043830974326
train/pair_mi_09/0016,fft_notch,"{""channels"": ""y"", ""k"": 4, ""r0"": 0.08, ""sigma"": 2}",21.879613016216418
train/pair_mi_09/0016,fft_notch,"{""channels"": ""y"", ""k"": 4, ""r0"": 0.08, ""sigma"": 4}",21.879384942599977
train/pair_mi_09/0016,fft_notch,"{""channels"": ""y"", ""k"": 6, ""r0"": 0.02, ""sigma"": 1}",21.88055792445533
train/pair_mi_09/0016,fft_notch,"{""channels"": ""y"", ""k"": 6, ""r0"": 0.02, ""sigma"": 2}",21.88055792445533
train/pair_mi_09/0016,fft_notch,"{""channels"": ""y"", ""k"": 6, ""r0"": 0.02, ""sigma"": 4}",21.88055792445533
train/pair_mi_09/0016,fft_notch,"{""channels"": ""y"", ""k"": 6, ""r0"": 0.04, ""sigma"": 1}",21.88055792445533
train/pair_mi_09/0016,fft_notch,"{""channels"": ""y"", ""k"": 6, ""r0"": 0.04, ""sigma"": 2}",21.88055792445533
train/pair_mi_09/0016,fft_notch,"{""channels"": ""y"", ""k"": 6, ""r0"": 0.04, ""sigma"": 4}",21.88055792445533
train/pair_mi_09/0016,fft_notch,"{""channels"": ""y"", ""k"": 6, ""r0"": 0.08, ""sigma"": 1}",21.88055792445533
train/pair_mi_09/0016,fft_notch,"{""channels"": ""y"", ""k"": 6, ""r0"": 0.08, ""sigma"": 2}",21.88055792445533
train/pair_mi_09/0016,fft_notch,"{""channels"": ""y"", ""k"": 6, ""r0"": 0.08, ""sigma"": 4}",21.88055792445533
train/pair_mi_09/0016,fft_notch,"{""channels"": ""ycc"", ""k"": 3, ""r0"": 0.02, ""sigma"": 1}",21.871796133419963
train/pair_mi_09/0016,fft_notch,"{""channels"": ""ycc"", ""k"": 3, ""r0"": 0.02, ""sigma"": 2}",21.855431939298576
train/pair_mi_09/0016,fft_notch,"{""channels"": ""ycc"", ""k"": 3, ""r0"": 0.02, ""sigma"": 4}",21.830294760268913
train/pair_mi_09/0016,fft_notch,"{""channels"": ""ycc"", ""k"": 3, ""r0"": 0.04, ""sigma"": 1}",21.881734400093467
train/pair_mi_09/0016,fft_notch,"{""channels"": ""ycc"", ""k"": 3, ""r0"": 0.04, ""sigma"": 2}",21.882198322283628
train/pair_mi_09/0016,fft_notch,"{""channels"": ""ycc"", ""k"": 3, ""r0"": 0.04, ""sigma"": 4}",21.88280754664552
train/pair_mi_09/0016,fft_notch,"{""channels"": ""ycc"", ""k"": 3, ""r0"": 0.08, ""sigma"": 1}",21.88172924102075
train/pair_mi_09/0016,fft_notch,"{""channels"": ""ycc"", ""k"": 3, ""r0"": 0.08, ""sigma"": 2}",21.882162526957977
train/pair_mi_09/0016,fft_notch,"{""channels"": ""ycc"", ""k"": 3, ""r0"": 0.08, ""sigma"": 4}",21.88276915352327
train/pair_mi_09/0016,fft_notch,"{""channels"": ""ycc"", ""k"": 4, ""r0"": 0.02, ""sigma"": 1}",21.880475677988915
train/pair_mi_09/0016,fft_notch,"{""channels"": ""ycc"", ""k"": 4, ""r0"": 0.02, ""sigma"": 2}",21.879617883972436
train/pair_mi_09/0016,fft_notch,"{""channels"": ""ycc"", ""k"": 4, ""r0"": 0.02, ""sigma"": 4}",21.87949429861436
train/pair_mi_09/0016,fft_notch,"{""channels"": ""ycc"", ""k"": 4, ""r0"": 0.04, ""sigma"": 1}",21.880475677988915
train/pair_mi_09/0016,fft_notch,"{""channels"": ""ycc"", ""k"": 4, ""r0"": 0.04, ""sigma"": 2}",21.879617883972436
train/pair_mi_09/0016,fft_notch,"{""channels"": ""ycc"", ""k"": 4, ""r0"": 0.04, ""sigma"": 4}",21.87949429861436
train/pair_mi_09/0016,fft_notch,"{""channels"": ""ycc"", ""k"": 4, ""r0"": 0.08, ""sigma"": 1}",21.880475677988915
train/pair_mi_09/0016,fft_notch,"{""channels"": ""ycc"", ""k"": 4, ""r0"": 0.08, ""sigma"": 2}",21.879617883972436
train/pair_mi_09/0016,fft_notch,"{""channels"": ""ycc"", ""k"": 4, ""r0"": 0.08, ""sigma"": 4}",21.87949429861436
train/pair_mi_09/0016,fft_notch,"{""channels"": ""ycc"", ""k"": 6, ""r0"": 0.02, ""sigma"": 1}",21.88055792445533
train/pair_mi_09/0016,fft_notch,"{""channels"": ""ycc"", ""k"": 6, ""r0"": 0.02, ""sigma"": 2}",21.88055792445533
train/pair_mi_09/0016,fft_notch,"{""channels"": ""ycc"", ""k"": 6, ""r0"": 0.02, ""sigma"": 4}",21.88055792445533
train/pair_mi_09/0016,fft_notch,"{""channels"": ""ycc"", ""k"": 6, ""r0"": 0.04, ""sigma"": 1}",21.88055792445533
train/pair_mi_09/0016,fft_notch,"{""channels"": ""ycc"", ""k"": 6, ""r0"": 0.04, ""sigma"": 2}",21.88055792445533
train/pair_mi_09/0016,fft_notch,"{""channels"": ""ycc"", ""k"": 6, ""r0"": 0.04, ""sigma"": 4}",21.88055792445533
train/pair_mi_09/0016,fft_notch,"{""channels"": ""ycc"", ""k"": 6, ""r0"": 0.08, ""sigma"": 1}",21.88055792445533
train/pair_mi_09/0016,fft_notch,"{""channels"": ""ycc"", ""k"": 6, ""r0"": 0.08, ""sigma"": 2}",21.88055792445533
train/pair_mi_09/0016,fft_notch,"{""channels"": ""ycc"", ""k"": 6, ""r0"": 0.08, ""sigma"": 4}",21.88055792445533
train/pair_mi_09/0016,fft_notch_local,"{""channels"": ""y"", ""k"": 3, ""r0"": 0.1, ""sigma"": 1}",21.64968013145197
train/pair_mi_09/0016,fft_notch_local,"{""channels"": ""y"", ""k"": 3, ""r0"": 0.1, ""sigma"": 2}",21.501919730108593
train/pair_mi_09/0016,fft_notch_local,"{""channels"": ""y"", ""k"": 4, ""r0"": 0.1, ""sigma"": 1}",21.771988151512176
train/pair_mi_09/0016,fft_notch_local,"{""channels"": ""y"", ""k"": 4, ""r0"": 0.1, ""sigma"": 2}",21.709643338944275
train/pair_mi_09/0016,fft_notch_local,"{""channels"": ""y"", ""k"": 6, ""r0"": 0.1, ""sigma"": 1}",21.880705418986622
train/pair_mi_09/0016,fft_notch_local,"{""channels"": ""y"", ""k"": 6, ""r0"": 0.1, ""sigma"": 2}",21.880836092420886
train/pair_mi_11/0003,identity,{},16.53888246745446
train/pair_mi_11/0003,chroma_lowpass,"{""sigma"": 1}",16.54032817903434
train/pair_mi_11/0003,chroma_lowpass,"{""sigma"": 2}",16.5420758442042
train/pair_mi_11/0003,chroma_lowpass,"{""sigma"": 4}",16.542833236747605
train/pair_mi_11/0003,chroma_lowpass,"{""sigma"": 8}",16.53359419244499
train/pair_mi_11/0003,fft_notch,"{""channels"": ""y"", ""k"": 3, ""r0"": 0.02, ""sigma"": 1}",16.53865241761515
train/pair_mi_11/0003,fft_notch,"{""channels"": ""y"", ""k"": 3, ""r0"": 0.02, ""sigma"": 2}",16.53948545468889
train/pair_mi_11/0003,fft_notch,"{""channels"": ""y"", ""k"": 3, ""r0"": 0.02, ""sigma"": 4}",16.539642064181592
train/pair_mi_11/0003,fft_notch,"{""channels"": ""y"", ""k"": 3, ""r0"": 0.04, ""sigma"": 1}",16.53865241761515
train/pair_mi_11/0003,fft_notch,"{""channels"": ""y"", ""k"": 3, ""r0"": 0.04, ""sigma"": 2}",16.53948545468889
train/pair_mi_11/0003,fft_notch,"{""channels"": ""y"", ""k"": 3, ""r0"": 0.04, ""sigma"": 4}",16.539642064181592
train/pair_mi_11/0003,fft_notch,"{""channels"": ""y"", ""k"": 3, ""r0"": 0.08, ""sigma"": 1}",16.53865241761515
train/pair_mi_11/0003,fft_notch,"{""channels"": ""y"", ""k"": 3, ""r0"": 0.08, ""sigma"": 2}",16.53948545468889
train/pair_mi_11/0003,fft_notch,"{""channels"": ""y"", ""k"": 3, ""r0"": 0.08, ""sigma"": 4}",16.539642064181592
train/pair_mi_11/0003,fft_notch,"{""channels"": ""y"", ""k"": 4, ""r0"": 0.02, ""sigma"": 1}",16.53810710411233
train/pair_mi_11/0003,fft_notch,"{""channels"": ""y"", ""k"": 4, ""r0"": 0.02, ""sigma"": 2}",16.53918362855792
train/pair_mi_11/0003,fft_notch,"{""channels"": ""y"", ""k"": 4, ""r0"": 0.02, ""sigma"": 4}",16.539328618760617
train/pair_mi_11/0003,fft_notch,"{""channels"": ""y"", ""k"": 4, ""r0"": 0.04, ""sigma"": 1}",16.53810710411233
train/pair_mi_11/0003,fft_notch,"{""channels"": ""y"", ""k"": 4, ""r0"": 0.04, ""sigma"": 2}",16.53918362855792
train/pair_mi_11/0003,fft_notch,"{""channels"": ""y"", ""k"": 4, ""r0"": 0.04, ""sigma"": 4}",16.539328618760617
train/pair_mi_11/0003,fft_notch,"{""channels"": ""y"", ""k"": 4, ""r0"": 0.08, ""sigma"": 1}",16.53810710411233
train/pair_mi_11/0003,fft_notch,"{""channels"": ""y"", ""k"": 4, ""r0"": 0.08, ""sigma"": 2}",16.53918362855792
train/pair_mi_11/0003,fft_notch,"{""channels"": ""y"", ""k"": 4, ""r0"": 0.08, ""sigma"": 4}",16.539328618760617
train/pair_mi_11/0003,fft_notch,"{""channels"": ""y"", ""k"": 6, ""r0"": 0.02, ""sigma"": 1}",16.53888246745446
train/pair_mi_11/0003,fft_notch,"{""channels"": ""y"", ""k"": 6, ""r0"": 0.02, ""sigma"": 2}",16.53888246745446
train/pair_mi_11/0003,fft_notch,"{""channels"": ""y"", ""k"": 6, ""r0"": 0.02, ""sigma"": 4}",16.53888246745446
train/pair_mi_11/0003,fft_notch,"{""channels"": ""y"", ""k"": 6, ""r0"": 0.04, ""sigma"": 1}",16.53888246745446
train/pair_mi_11/0003,fft_notch,"{""channels"": ""y"", ""k"": 6, ""r0"": 0.04, ""sigma"": 2}",16.53888246745446
train/pair_mi_11/0003,fft_notch,"{""channels"": ""y"", ""k"": 6, ""r0"": 0.04, ""sigma"": 4}",16.53888246745446
train/pair_mi_11/0003,fft_notch,"{""channels"": ""y"", ""k"": 6, ""r0"": 0.08, ""sigma"": 1}",16.53888246745446
train/pair_mi_11/0003,fft_notch,"{""channels"": ""y"", ""k"": 6, ""r0"": 0.08, ""sigma"": 2}",16.53888246745446
train/pair_mi_11/0003,fft_notch,"{""channels"": ""y"", ""k"": 6, ""r0"": 0.08, ""sigma"": 4}",16.53888246745446
train/pair_mi_11/0003,fft_notch,"{""channels"": ""ycc"", ""k"": 3, ""r0"": 0.02, ""sigma"": 1}",16.539131357231692
train/pair_mi_11/0003,fft_notch,"{""channels"": ""ycc"", ""k"": 3, ""r0"": 0.02, ""sigma"": 2}",16.539637196344643
train/pair_mi_11/0003,fft_notch,"{""channels"": ""ycc"", ""k"": 3, ""r0"": 0.02, ""sigma"": 4}",16.539557722409846
train/pair_mi_11/0003,fft_notch,"{""channels"": ""ycc"", ""k"": 3, ""r0"": 0.04, ""sigma"": 1}",16.539131357231692
train/pair_mi_11/0003,fft_notch,"{""channels"": ""ycc"", ""k"": 3, ""r0"": 0.04, ""sigma"": 2}",16.539637196344643
train/pair_mi_11/0003,fft_notch,"{""channels"": ""ycc"", ""k"": 3, ""r0"": 0.04, ""sigma"": 4}",16.539557722409846
train/pair_mi_11/0003,fft_notch,"{""channels"": ""ycc"", ""k"": 3, ""r0"": 0.08, ""sigma"": 1}",16.539131357231692
train/pair_mi_11/0003,fft_notch,"{""channels"": ""ycc"", ""k"": 3, ""r0"": 0.08, ""sigma"": 2}",16.539637196344643
train/pair_mi_11/0003,fft_notch,"{""channels"": ""ycc"", ""k"": 3, ""r0"": 0.08, ""sigma"": 4}",16.539557722409846
train/pair_mi_11/0003,fft_notch,"{""channels"": ""ycc"", ""k"": 4, ""r0"": 0.02, ""sigma"": 1}",16.53828152637702
train/pair_mi_11/0003,fft_notch,"{""channels"": ""ycc"", ""k"": 4, ""r0"": 0.02, ""sigma"": 2}",16.539126302334463
train/pair_mi_11/0003,fft_notch,"{""channels"": ""ycc"", ""k"": 4, ""r0"": 0.02, ""sigma"": 4}",16.53925965702459
train/pair_mi_11/0003,fft_notch,"{""channels"": ""ycc"", ""k"": 4, ""r0"": 0.04, ""sigma"": 1}",16.53828152637702
train/pair_mi_11/0003,fft_notch,"{""channels"": ""ycc"", ""k"": 4, ""r0"": 0.04, ""sigma"": 2}",16.539126302334463
train/pair_mi_11/0003,fft_notch,"{""channels"": ""ycc"", ""k"": 4, ""r0"": 0.04, ""sigma"": 4}",16.53925965702459
train/pair_mi_11/0003,fft_notch,"{""channels"": ""ycc"", ""k"": 4, ""r0"": 0.08, ""sigma"": 1}",16.53828152637702
train/pair_mi_11/0003,fft_notch,"{""channels"": ""ycc"", ""k"": 4, ""r0"": 0.08, ""sigma"": 2}",16.539126302334463
train/pair_mi_11/0003,fft_notch,"{""channels"": ""ycc"", ""k"": 4, ""r0"": 0.08, ""sigma"": 4}",16.53925965702459
train/pair_mi_11/0003,fft_notch,"{""channels"": ""ycc"", ""k"": 6, ""r0"": 0.02, ""sigma"": 1}",16.53888246745446
train/pair_mi_11/0003,fft_notch,"{""channels"": ""ycc"", ""k"": 6, ""r0"": 0.02, ""sigma"": 2}",16.53888246745446
train/pair_mi_11/0003,fft_notch,"{""channels"": ""ycc"", ""k"": 6, ""r0"": 0.02, ""sigma"": 4}",16.53888246745446
train/pair_mi_11/0003,fft_notch,"{""channels"": ""ycc"", ""k"": 6, ""r0"": 0.04, ""sigma"": 1}",16.53888246745446
train/pair_mi_11/0003,fft_notch,"{""channels"": ""ycc"", ""k"": 6, ""r0"": 0.04, ""sigma"": 2}",16.53888246745446
train/pair_mi_11/0003,fft_notch,"{""channels"": ""ycc"", ""k"": 6, ""r0"": 0.04, ""sigma"": 4}",16.53888246745446
train/pair_mi_11/0003,fft_notch,"{""channels"": ""ycc"", ""k"": 6, ""r0"": 0.08, ""sigma"": 1}",16.53888246745446
train/pair_mi_11/0003,fft_notch,"{""channels"": ""ycc"", ""k"": 6, ""r0"": 0.08, ""sigma"": 2}",16.53888246745446
train/pair_mi_11/0003,fft_notch,"{""channels"": ""ycc"", ""k"": 6, ""r0"": 0.08, ""sigma"": 4}",16.53888246745446
train/pair_mi_11/0003,fft_notch_local,"{""channels"": ""y"", ""k"": 3, ""r0"": 0.1, ""sigma"": 1}",16.612307142253844
train/pair_mi_11/0003,fft_notch_local,"{""channels"": ""y"", ""k"": 3, ""r0"": 0.1, ""sigma"": 2}",16.619598925960855
train/pair_mi_11/0003,fft_notch_local,"{""channels"": ""y"", ""k"": 4, ""r0"": 0.1, ""sigma"": 1}",16.575530402257478
train/pair_mi_11/0003,fft_notch_local,"{""channels"": ""y"", ""k"": 4, ""r0"": 0.1, ""sigma"": 2}",16.58061206800301
train/pair_mi_11/0003,fft_notch_local,"{""channels"": ""y"", ""k"": 6, ""r0"": 0.1, ""sigma"": 1}",16.53914974879441
train/pair_mi_11/0003,fft_notch_local,"{""channels"": ""y"", ""k"": 6, ""r0"": 0.1, ""sigma"": 2}",16.53921395967998
train/pair_mi_11/0005,identity,{},16.59159016292589
train/pair_mi_11/0005,chroma_lowpass,"{""sigma"": 1}",16.597251948982013
train/pair_mi_11/0005,chroma_lowpass,"{""sigma"": 2}",16.6017729113366
train/pair_mi_11/0005,chroma_lowpass,"{""sigma"": 4}",16.60906525902602
train/pair_mi_11/0005,chroma_lowpass,"{""sigma"": 8}",16.60911583289741
train/pair_mi_11/0005,fft_notch,"{""channels"": ""y"", ""k"": 3, ""r0"": 0.02, ""sigma"": 1}",16.5930856635035
train/pair_mi_11/0005,fft_notch,"{""channels"": ""y"", ""k"": 3, ""r0"": 0.02, ""sigma"": 2}",16.593377493669358
train/pair_mi_11/0005,fft_notch,"{""channels"": ""y"", ""k"": 3, ""r0"": 0.02, ""sigma"": 4}",16.593282533007006
train/pair_mi_11/0005,fft_notch,"{""channels"": ""y"", ""k"": 3, ""r0"": 0.04, ""sigma"": 1}",16.5930856635035
train/pair_mi_11/0005,fft_notch,"{""channels"": ""y"", ""k"": 3, ""r0"": 0.04, ""sigma"": 2}",16.593377493669358
train/pair_mi_11/0005,fft_notch,"{""channels"": ""y"", ""k"": 3, ""r0"": 0.04, ""sigma"": 4}",16.593282533007006
train/pair_mi_11/0005,fft_notch,"{""channels"": ""y"", ""k"": 3, ""r0"": 0.08, ""sigma"": 1}",16.5930856635035
train/pair_mi_11/0005,fft_notch,"{""channels"": ""y"", ""k"": 3, ""r0"": 0.08, ""sigma"": 2}",16.593377493669358
train/pair_mi_11/0005,fft_notch,"{""channels"": ""y"", ""k"": 3, ""r0"": 0.08, ""sigma"": 4}",16.593282533007006
train/pair_mi_11/0005,fft_notch,"{""channels"": ""y"", ""k"": 4, ""r0"": 0.02, ""sigma"": 1}",16.593306391388264
train/pair_mi_11/0005,fft_notch,"{""channels"": ""y"", ""k"": 4, ""r0"": 0.02, ""sigma"": 2}",16.593465476392833
train/pair_mi_11/0005,fft_notch,"{""channels"": ""y"", ""k"": 4, ""r0"": 0.02, ""sigma"": 4}",16.59319990579937
train/pair_mi_11/0005,fft_notch,"{""channels"": ""y"", ""k"": 4, ""r0"": 0.04, ""sigma"": 1}",16.593306391388264
train/pair_mi_11/0005,fft_notch,"{""channels"": ""y"", ""k"": 4, ""r0"": 0.04, ""sigma"": 2}",16.593465476392833
train/pair_mi_11/0005,fft_notch,"{""channels"": ""y"", ""k"": 4, ""r0"": 0.04, ""sigma"": 4}",16.59319990579937
train/pair_mi_11/0005,fft_notch,"{""channels"": ""y"", ""k"": 4, ""r0"": 0.08, ""sigma"": 1}",16.593306391388264
train/pair_mi_11/0005,fft_notch,"{""channels"": ""y"", ""k"": 4, ""r0"": 0.08, ""sigma"": 2}",16.593465476392833
train/pair_mi_11/0005,fft_notch,"{""channels"": ""y"", ""k"": 4, ""r0"": 0.08, ""sigma"": 4}",16.59319990579937
train/pair_mi_11/0005,fft_notch,"{""channels"": ""y"", ""k"": 6, ""r0"": 0.02, ""sigma"": 1}",16.591609620898495
train/pair_mi_11/0005,fft_notch,"{""channels"": ""y"", ""k"": 6, ""r0"": 0.02, ""sigma"": 2}",16.59165231315079
train/pair_mi_11/0005,fft_notch,"{""channels"": ""y"", ""k"": 6, ""r0"": 0.02, ""sigma"": 4}",16.59171310250787
train/pair_mi_11/0005,fft_notch,"{""channels"": ""y"", ""k"": 6, ""r0"": 0.04, ""sigma"": 1}",16.591609620898495
train/pair_mi_11/0005,fft_notch,"{""channels"": ""y"", ""k"": 6, ""r0"": 0.04, ""sigma"": 2}",16.59165231315079
train/pair_mi_11/0005,fft_notch,"{""channels"": ""y"", ""k"": 6, ""r0"": 0.04, ""sigma"": 4}",16.59171310250787
train/pair_mi_11/0005,fft_notch,"{""channels"": ""y"", ""k"": 6, ""r0"": 0.08, ""sigma"": 1}",16.591609620898495
train/pair_mi_11/0005,fft_notch,"{""channels"": ""y"", ""k"": 6, ""r0"": 0.08, ""sigma"": 2}",16.59165231315079
train/pair_mi_11/0005,fft_notch,"{""channels"": ""y"", ""k"": 6, ""r0"": 0.08, ""sigma"": 4}",16.59171310250787
train/pair_mi_11/0005,fft_notch,"{""channels"": ""ycc"", ""k"": 3, ""r0"": 0.02, ""sigma"": 1}",16.593148865601542
train/pair_mi_11/0005,fft_notch,"{""channels"": ""ycc"", ""k"": 3, ""r0"": 0.02, ""sigma"": 2}",16.593183220320526
train/pair_mi_11/0005,fft_notch,"{""channels"": ""ycc"", ""k"": 3, ""r0"": 0.02, ""sigma"": 4}",16.593211108320556
train/pair_mi_11/0005,fft_notch,"{""channels"": ""ycc"", ""k"": 3, ""r0"": 0.04, ""sigma"": 1}",16.592967349593522
train/pair_mi_11/0005,fft_notch,"{""channels"": ""ycc"", ""k"": 3, ""r0"": 0.04, ""sigma"": 2}",16.59338317031025
train/pair_mi_11/0005,fft_notch,"{""channels"": ""ycc"", ""k"": 3, ""r0"": 0.04, ""sigma"": 4}",16.59337668541554
train/pair_mi_11/0005,fft_notch,"{""channels"": ""ycc"", ""k"": 3, ""r0"": 0.08, ""sigma"": 1}",16.592967349593522
train/pair_mi_11/0005,fft_notch,"{""channels"": ""ycc"", ""k"": 3, ""r0"": 0.08, ""sigma"": 2}",16.59338317031025
train/pair_mi_11/0005,fft_notch,"{""channels"": ""ycc"", ""k"": 3, ""r0"": 0.08, ""sigma"": 4}",16.59337668541554
train/pair_mi_11/0005,fft_notch,"{""channels"": ""ycc"", ""k"": 4, ""r0"": 0.02, ""sigma"": 1}",16.5929332185745
train/pair_mi_11/0005,fft_notch,"{""channels"": ""ycc"", ""k"": 4, ""r0"": 0.02, ""sigma"": 2}",16.593228391073676
train/pair_mi_11/0005,fft_notch,"{""channels"": ""ycc"", ""k"": 4, ""r0"": 0.02, ""sigma"": 4}",16.593082418808972
train/pair_mi_11/0005,fft_notch,"{""channels"": ""ycc"", ""k"": 4, ""r0"": 0.04, ""sigma"": 1}",16.5929332185745
train/pair_mi_11/0005,fft_notch,"{""channels"": ""ycc"", ""k"": 4, ""r0"": 0.04, ""sigma"": 2}",16.593228391073676
train/pair_mi_11/0005,fft_notch,"{""channels"": ""ycc"", ""k"": 4, ""r0"": 0.04, ""sigma"": 4}",16.593082418808972
train/pair_mi_11/0005,fft_notch,"{""channels"": ""ycc"", ""k"": 4, ""r0"": 0.08, ""sigma"": 1}",16.5929332185745
train/pair_mi_11/0005,fft_notch,"{""channels"": ""ycc"", ""k"": 4, ""r0"": 0.08, ""sigma"": 2}",16.593228391073676
train/pair_mi_11/0005,fft_notch,"{""channels"": ""ycc"", ""k"": 4, ""r0"": 0.08, ""sigma"": 4}",16.593082418808972
train/pair_mi_11/0005,fft_notch,"{""channels"": ""ycc"", ""k"": 6, ""r0"": 0.02, ""sigma"": 1}",16.59163254968062
train/pair_mi_11/0005,fft_notch,"{""channels"": ""ycc"", ""k"": 6, ""r0"": 0.02, ""sigma"": 2}",16.591609752674216
train/pair_mi_11/0005,fft_notch,"{""channels"": ""ycc"", ""k"": 6, ""r0"": 0.02, ""sigma"": 4}",16.591732392811643
train/pair_mi_11/0005,fft_notch,"{""channels"": ""ycc"", ""k"": 6, ""r0"": 0.04, ""sigma"": 1}",16.59163254968062
train/pair_mi_11/0005,fft_notch,"{""channels"": ""ycc"", ""k"": 6, ""r0"": 0.04, ""sigma"": 2}",16.591609752674216
train/pair_mi_11/0005,fft_notch,"{""channels"": ""ycc"", ""k"": 6, ""r0"": 0.04, ""sigma"": 4}",16.591732392811643
train/pair_mi_11/0005,fft_notch,"{""channels"": ""ycc"", ""k"": 6, ""r0"": 0.08, ""sigma"": 1}",16.59163254968062
train/pair_mi_11/0005,fft_notch,"{""channels"": ""ycc"", ""k"": 6, ""r0"": 0.08, ""sigma"": 2}",16.591609752674216
train/pair_mi_11/0005,fft_notch,"{""channels"": ""ycc"", ""k"": 6, ""r0"": 0.08, ""sigma"": 4}",16.591732392811643
train/pair_mi_11/0005,fft_notch_local,"{""channels"": ""y"", ""k"": 3, ""r0"": 0.1, ""sigma"": 1}",16.627573480925186
train/pair_mi_11/0005,fft_notch_local,"{""channels"": ""y"", ""k"": 3, ""r0"": 0.1, ""sigma"": 2}",16.633052829904457
train/pair_mi_11/0005,fft_notch_local,"{""channels"": ""y"", ""k"": 4, ""r0"": 0.1, ""sigma"": 1}",16.618498441787573
train/pair_mi_11/0005,fft_notch_local,"{""channels"": ""y"", ""k"": 4, ""r0"": 0.1, ""sigma"": 2}",16.622251171558133
train/pair_mi_11/0005,fft_notch_local,"{""channels"": ""y"", ""k"": 6, ""r0"": 0.1, ""sigma"": 1}",16.59360672130915
train/pair_mi_11/0005,fft_notch_local,"{""channels"": ""y"", ""k"": 6, ""r0"": 0.1, ""sigma"": 2}",16.594219447817093
train/pair_mi_13/0158,identity,{},16.025739714231467
train/pair_mi_13/0158,chroma_lowpass,"{""sigma"": 1}",16.028329939645054
train/pair_mi_13/0158,chroma_lowpass,"{""sigma"": 2}",16.033731587837764
train/pair_mi_13/0158,chroma_lowpass,"{""sigma"": 4}",16.04391851977661
train/pair_mi_13/0158,chroma_lowpass,"{""sigma"": 8}",16.052632263631928
train/pair_mi_13/0158,fft_notch,"{""channels"": ""y"", ""k"": 3, ""r0"": 0.02, ""sigma"": 1}",15.824004280601908
train/pair_mi_13/0158,fft_notch,"{""channels"": ""y"", ""k"": 3, ""r0"": 0.02, ""sigma"": 2}",15.712176109728937
train/pair_mi_13/0158,fft_notch,"{""channels"": ""y"", ""k"": 3, ""r0"": 0.02, ""sigma"": 4}",15.479337054283718
train/pair_mi_13/0158,fft_notch,"{""channels"": ""y"", ""k"": 3, ""r0"": 0.04, ""sigma"": 1}",15.88005759310585
train/pair_mi_13/0158,fft_notch,"{""channels"": ""y"", ""k"": 3, ""r0"": 0.04, ""sigma"": 2}",15.792891029583558
train/pair_mi_13/0158,fft_notch,"{""channels"": ""y"", ""k"": 3, ""r0"": 0.04, ""sigma"": 4}",15.71390057739949
train/pair_mi_13/0158,fft_notch,"{""channels"": ""y"", ""k"": 3, ""r0"": 0.08, ""sigma"": 1}",15.957403889413985
train/pair_mi_13/0158,fft_notch,"{""channels"": ""y"", ""k"": 3, ""r0"": 0.08, ""sigma"": 2}",15.910271058718044
train/pair_mi_13/0158,fft_notch,"{""channels"": ""y"", ""k"": 3, ""r0"": 0.08, ""sigma"": 4}",15.866856986157527
train/pair_mi_13/0158,fft_notch,"{""channels"": ""y"", ""k"": 4, ""r0"": 0.02, ""sigma"": 1}",15.994019723976159
train/pair_mi_13/0158,fft_notch,"{""channels"": ""y"", ""k"": 4, ""r0"": 0.02, ""sigma"": 2}",15.976224874029876
train/pair_mi_13/0158,fft_notch,"{""channels"": ""y"", ""k"": 4, ""r0"": 0.02, ""sigma"": 4}",15.943329439322929
train/pair_mi_13/0158,fft_notch,"{""channels"": ""y"", ""k"": 4, ""r0"": 0.04, ""sigma"": 1}",15.994019723976159
train/pair_mi_13/0158,fft_notch,"{""channels"": ""y"", ""k"": 4, ""r0"": 0.04, ""sigma"": 2}",15.976224874029876
train/pair_mi_13/0158,fft_notch,"{""channels"": ""y"", ""k"": 4, ""r0"": 0.04, ""sigma"": 4}",15.943329439322929
train/pair_mi_13/0158,fft_notch,"{""channels"": ""y"", ""k"": 4, ""r0"": 0.08, ""sigma"": 1}",16.005054226553945
train/pair_mi_13/0158,fft_notch,"{""channels"": ""y"", ""k"": 4, ""r0"": 0.08, ""sigma"": 2}",15.991644875847314
train/pair_mi_13/0158,fft_notch,"{""channels"": ""y"", ""k"": 4, ""r0"": 0.08, ""sigma"": 4}",15.972939189203855
train/pair_mi_13/0158,fft_notch,"{""channels"": ""y"", ""k"": 6, ""r0"": 0.02, ""sigma"": 1}",16.025739714231467
train/pair_mi_13/0158,fft_notch,"{""channels"": ""y"", ""k"": 6, ""r0"": 0.02, ""sigma"": 2}",16.025739714231467
train/pair_mi_13/0158,fft_notch,"{""channels"": ""y"", ""k"": 6, ""r0"": 0.02, ""sigma"": 4}",16.025738569842034
train/pair_mi_13/0158,fft_notch,"{""channels"": ""y"", ""k"": 6, ""r0"": 0.04, ""sigma"": 1}",16.025739714231467
train/pair_mi_13/0158,fft_notch,"{""channels"": ""y"", ""k"": 6, ""r0"": 0.04, ""sigma"": 2}",16.025739714231467
train/pair_mi_13/0158,fft_notch,"{""channels"": ""y"", ""k"": 6, ""r0"": 0.04, ""sigma"": 4}",16.025738569842034
train/pair_mi_13/0158,fft_notch,"{""channels"": ""y"", ""k"": 6, ""r0"": 0.08, ""sigma"": 1}",16.025739714231467
train/pair_mi_13/0158,fft_notch,"{""channels"": ""y"", ""k"": 6, ""r0"": 0.08, ""sigma"": 2}",16.025739714231467
train/pair_mi_13/0158,fft_notch,"{""channels"": ""y"", ""k"": 6, ""r0"": 0.08, ""sigma"": 4}",16.025738569842034
train/pair_mi_13/0158,fft_notch,"{""channels"": ""ycc"", ""k"": 3, ""r0"": 0.02, ""sigma"": 1}",15.824361618225542
train/pair_mi_13/0158,fft_notch,"{""channels"": ""ycc"", ""k"": 3, ""r0"": 0.02, ""sigma"": 2}",15.71283497178382
train/pair_mi_13/0158,fft_notch,"{""channels"": ""ycc"", ""k"": 3, ""r0"": 0.02, ""sigma"": 4}",15.480350900926965
train/pair_mi_13/0158,fft_notch,"{""channels"": ""ycc"", ""k"": 3, ""r0"": 0.04, ""sigma"": 1}",15.880363115976568
train/pair_mi_13/0158,fft_notch,"{""channels"": ""ycc"", ""k"": 3, ""r0"": 0.04, ""sigma"": 2}",15.793412721482134
train/pair_mi_13/0158,fft_notch,"{""channels"": ""ycc"", ""k"": 3, ""r0"": 0.04, ""sigma"": 4}",15.714704919376485
train/pair_mi_13/0158,fft_notch,"{""channels"": ""ycc"", ""k"": 3, ""r0"": 0.08, ""sigma"": 1}",15.957591710885513
train/pair_mi_13/0158,fft_notch,"{""channels"": ""ycc"", ""k"": 3, ""r0"": 0.08, ""sigma"": 2}",15.910599563304597
train/pair_mi_13/0158,fft_notch,"{""channels"": ""ycc"", ""k"": 3, ""r0"": 0.08, ""sigma"": 4}",15.867428248379605
train/pair_mi_13/0158,fft_notch,"{""channels"": ""ycc"", ""k"": 4, ""r0"": 0.02, ""sigma"": 1}",15.994092208478381
train/pair_mi_13/0158,fft_notch,"{""channels"": ""ycc"", ""k"": 4, ""r0"": 0.02, ""sigma"": 2}",15.976372251801436
train/pair_mi_13/0158,fft_notch,"{""channels"": ""ycc"", ""k"": 4, ""r0"": 0.02, ""sigma"": 4}",15.943564651604023
train/pair_mi_13/0158,fft_notch,"{""channels"": ""ycc"", ""k"": 4, ""r0"": 0.04, ""sigma"": 1}",15.994092208478381
train/pair_mi_13/0158,fft_notch,"{""channels"": ""ycc"", ""k"": 4, ""r0"": 0.04, ""sigma"": 2}",15.976372251801436
train/pair_mi_13/0158,fft_notch,"{""channels"": ""ycc"", ""k"": 4, ""r0"": 0.04, ""sigma"": 4}",15.943564651604023
train/pair_mi_13/0158,fft_notch,"{""channels"": ""ycc"", ""k"": 4, ""r0"": 0.08, ""sigma"": 1}",16.005138033035948
train/pair_mi_13/0158,fft_notch,"{""channels"": ""ycc"", ""k"": 4, ""r0"": 0.08, ""sigma"": 2}",15.991775717468125
train/pair_mi_13/0158,fft_notch,"{""channels"": ""ycc"", ""k"": 4, ""r0"": 0.08, ""sigma"": 4}",15.973180161490259
train/pair_mi_13/0158,fft_notch,"{""channels"": ""ycc"", ""k"": 6, ""r0"": 0.02, ""sigma"": 1}",16.025739714231467
train/pair_mi_13/0158,fft_notch,"{""channels"": ""ycc"", ""k"": 6, ""r0"": 0.02, ""sigma"": 2}",16.025739714231467
train/pair_mi_13/0158,fft_notch,"{""channels"": ""ycc"", ""k"": 6, ""r0"": 0.02, ""sigma"": 4}",16.025737853064662
train/pair_mi_13/0158,fft_notch,"{""channels"": ""ycc"", ""k"": 6, ""r0"": 0.04, ""sigma"": 1}",16.025739714231467
train/pair_mi_13/0158,fft_notch,"{""channels"": ""ycc"", ""k"": 6, ""r0"": 0.04, ""sigma"": 2}",16.025739714231467
train/pair_mi_13/0158,fft_notch,"{""channels"": ""ycc"", ""k"": 6, ""r0"": 0.04, ""sigma"": 4}",16.025737853064662
train/pair_mi_13/0158,fft_notch,"{""channels"": ""ycc"", ""k"": 6, ""r0"": 0.08, ""sigma"": 1}",16.025739714231467
train/pair_mi_13/0158,fft_notch,"{""channels"": ""ycc"", ""k"": 6, ""r0"": 0.08, ""sigma"": 2}",16.025739714231467
train/pair_mi_13/0158,fft_notch,"{""channels"": ""ycc"", ""k"": 6, ""r0"": 0.08, ""sigma"": 4}",16.025737853064662
train/pair_mi_13/0158,fft_notch_local,"{""channels"": ""y"", ""k"": 3, ""r0"": 0.1, ""sigma"": 1}",15.929787215593702
train/pair_mi_13/0158,fft_notch_local,"{""channels"": ""y"", ""k"": 3, ""r0"": 0.1, ""sigma"": 2}",15.827229692435488
train/pair_mi_13/0158,fft_notch_local,"{""channels"": ""y"", ""k"": 4, ""r0"": 0.1, ""sigma"": 1}",16.00245952260225
train/pair_mi_13/0158,fft_notch_local,"{""channels"": ""y"", ""k"": 4, ""r0"": 0.1, ""sigma"": 2}",15.977953176875415
train/pair_mi_13/0158,fft_notch_local,"{""channels"": ""y"", ""k"": 6, ""r0"": 0.1, ""sigma"": 1}",16.02661035165182
train/pair_mi_13/0158,fft_notch_local,"{""channels"": ""y"", ""k"": 6, ""r0"": 0.1, ""sigma"": 2}",16.026777049807162
train/pair_mi_23/0058,identity,{},20.23557812153217
train/pair_mi_23/0058,chroma_lowpass,"{""sigma"": 1}",20.23847733983726
train/pair_mi_23/0058,chroma_lowpass,"{""sigma"": 2}",20.237927901132995
train/pair_mi_23/0058,chroma_lowpass,"{""sigma"": 4}",20.228002979549803
train/pair_mi_23/0058,chroma_lowpass,"{""sigma"": 8}",20.188055398120927
train/pair_mi_23/0058,fft_notch,"{""channels"": ""y"", ""k"": 3, ""r0"": 0.02, ""sigma"": 1}",20.277437776367158
train/pair_mi_23/0058,fft_notch,"{""channels"": ""y"", ""k"": 3, ""r0"": 0.02, ""sigma"": 2}",20.32655747363711
train/pair_mi_23/0058,fft_notch,"{""channels"": ""y"", ""k"": 3, ""r0"": 0.02, ""sigma"": 4}",20.42068009385442
train/pair_mi_23/0058,fft_notch,"{""channels"": ""y"", ""k"": 3, ""r0"": 0.04, ""sigma"": 1}",20.277437776367158
train/pair_mi_23/0058,fft_notch,"{""channels"": ""y"", ""k"": 3, ""r0"": 0.04, ""sigma"": 2}",20.32655747363711
train/pair_mi_23/0058,fft_notch,"{""channels"": ""y"", ""k"": 3, ""r0"": 0.04, ""sigma"": 4}",20.42068009385442
train/pair_mi_23/0058,fft_notch,"{""channels"": ""y"", ""k"": 3, ""r0"": 0.08, ""sigma"": 1}",20.277437776367158
train/pair_mi_23/0058,fft_notch,"{""channels"": ""y"", ""k"": 3, ""r0"": 0.08, ""sigma"": 2}",20.32655747363711
train/pair_mi_23/0058,fft_notch,"{""channels"": ""y"", ""k"": 3, ""r0"": 0.08, ""sigma"": 4}",20.42068009385442
train/pair_mi_23/0058,fft_notch,"{""channels"": ""y"", ""k"": 4, ""r0"": 0.02, ""sigma"": 1}",20.23557812153217
train/pair_mi_23/0058,fft_notch,"{""channels"": ""y"", ""k"": 4, ""r0"": 0.02, ""sigma"": 2}",20.23557812153217
train/pair_mi_23/0058,fft_notch,"{""channels"": ""y"", ""k"": 4, ""r0"": 0.02, ""sigma"": 4}",20.23559013386744
train/pair_mi_23/0058,fft_notch,"{""channels"": ""y"", ""k"": 4, ""r0"": 0.04, ""sigma"": 1}",20.23557812153217
train/pair_mi_23/0058,fft_notch,"{""channels"": ""y"", ""k"": 4, ""r0"": 0.04, ""sigma"": 2}",20.23557812153217
train/pair_mi_23/0058,fft_notch,"{""channels"": ""y"", ""k"": 4, ""r0"": 0.04, ""sigma"": 4}",20.23559013386744
train/pair_mi_23/0058,fft_notch,"{""channels"": ""y"", ""k"": 4, ""r0"": 0.08, ""sigma"": 1}",20.23557812153217
train/pair_mi_23/0058,fft_notch,"{""channels"": ""y"", ""k"": 4, ""r0"": 0.08, ""sigma"": 2}",20.23557812153217
train/pair_mi_23/0058,fft_notch,"{""channels"": ""y"", ""k"": 4, ""r0"": 0.08, ""sigma"": 4}",20.23559013386744
train/pair_mi_23/0058,fft_notch,"{""channels"": ""y"", ""k"": 6, ""r0"": 0.02, ""sigma"": 1}",20.23557812153217
train/pair_mi_23/0058,fft_notch,"{""channels"": ""y"", ""k"": 6, ""r0"": 0.02, ""sigma"": 2}",20.23557812153217
train/pair_mi_23/0058,fft_notch,"{""channels"": ""y"", ""k"": 6, ""r0"": 0.02, ""sigma"": 4}",20.23557812153217
train/pair_mi_23/0058,fft_notch,"{""channels"": ""y"", ""k"": 6, ""r0"": 0.04, ""sigma"": 1}",20.23557812153217
train/pair_mi_23/0058,fft_notch,"{""channels"": ""y"", ""k"": 6, ""r0"": 0.04, ""sigma"": 2}",20.23557812153217
train/pair_mi_23/0058,fft_notch,"{""channels"": ""y"", ""k"": 6, ""r0"": 0.04, ""sigma"": 4}",20.23557812153217
train/pair_mi_23/0058,fft_notch,"{""channels"": ""y"", ""k"": 6, ""r0"": 0.08, ""sigma"": 1}",20.23557812153217
train/pair_mi_23/0058,fft_notch,"{""channels"": ""y"", ""k"": 6, ""r0"": 0.08, ""sigma"": 2}",20.23557812153217
train/pair_mi_23/0058,fft_notch,"{""channels"": ""y"", ""k"": 6, ""r0"": 0.08, ""sigma"": 4}",20.23557812153217
train/pair_mi_23/0058,fft_notch,"{""channels"": ""ycc"", ""k"": 3, ""r0"": 0.02, ""sigma"": 1}",20.27749854041488
train/pair_mi_23/0058,fft_notch,"{""channels"": ""ycc"", ""k"": 3, ""r0"": 0.02, ""sigma"": 2}",20.326624764063247
train/pair_mi_23/0058,fft_notch,"{""channels"": ""ycc"", ""k"": 3, ""r0"": 0.02, ""sigma"": 4}",20.42053113024957
train/pair_mi_23/0058,fft_notch,"{""channels"": ""ycc"", ""k"": 3, ""r0"": 0.04, ""sigma"": 1}",20.27749854041488
train/pair_mi_23/0058,fft_notch,"{""channels"": ""ycc"", ""k"": 3, ""r0"": 0.04, ""sigma"": 2}",20.326624764063247
train/pair_mi_23/0058,fft_notch,"{""channels"": ""ycc"", ""k"": 3, ""r0"": 0.04, ""sigma"": 4}",20.42053113024957
train/pair_mi_23/0058,fft_notch,"{""channels"": ""ycc"", ""k"": 3, ""r0"": 0.08, ""sigma"": 1}",20.27747058895672
train/pair_mi_23/0058,fft_notch,"{""channels"": ""ycc"", ""k"": 3, ""r0"": 0.08, ""sigma"": 2}",20.326652895986356
train/pair_mi_23/0058,fft_notch,"{""channels"": ""ycc"", ""k"": 3, ""r0"": 0.08, ""sigma"": 4}",20.4206945517696
train/pair_mi_23/0058,fft_notch,"{""channels"": ""ycc"", ""k"": 4, ""r0"": 0.02, ""sigma"": 1}",20.23557812153217
train/pair_mi_23/0058,fft_notch,"{""channels"": ""ycc"", ""k"": 4, ""r0"": 0.02, ""sigma"": 2}",20.23557812153217
train/pair_mi_23/0058,fft_notch,"{""channels"": ""ycc"", ""k"": 4, ""r0"": 0.02, ""sigma"": 4}",20.235596682244573
train/pair_mi_23/0058,fft_notch,"{""channels"": ""ycc"", ""k"": 4, ""r0"": 0.04, ""sigma"": 1}",20.23557812153217
train/pair_mi_23/0058,fft_notch,"{""channels"": ""ycc"", ""k"": 4, ""r0"": 0.04, ""sigma"": 2}",20.23557812153217
train/pair_mi_23/0058,fft_notch,"{""channels"": ""ycc"", ""k"": 4, ""r0"": 0.04, ""sigma"": 4}",20.235596682244573
train/pair_mi_23/0058,fft_notch,"{""channels"": ""ycc"", ""k"": 4, ""r0"": 0.08, ""sigma"": 1}",20.23557812153217
train/pair_mi_23/0058,fft_notch,"{""channels"": ""ycc"", ""k"": 4, ""r0"": 0.08, ""sigma"": 2}",20.23557812153217
train/pair_mi_23/0058,fft_notch,"{""channels"": ""ycc"", ""k"": 4, ""r0"": 0.08, ""sigma"": 4}",20.235596682244573
train/pair_mi_23/0058,fft_notch,"{""channels"": ""ycc"", ""k"": 6, ""r0"": 0.02, ""sigma"": 1}",20.23557812153217
train/pair_mi_23/0058,fft_notch,"{""channels"": ""ycc"", ""k"": 6, ""r0"": 0.02, ""sigma"": 2}",20.23557812153217
train/pair_mi_23/0058,fft_notch,"{""channels"": ""ycc"", ""k"": 6, ""r0"": 0.02, ""sigma"": 4}",20.23557812153217
train/pair_mi_23/0058,fft_notch,"{""channels"": ""ycc"", ""k"": 6, ""r0"": 0.04, ""sigma"": 1}",20.23557812153217
train/pair_mi_23/0058,fft_notch,"{""channels"": ""ycc"", ""k"": 6, ""r0"": 0.04, ""sigma"": 2}",20.23557812153217
train/pair_mi_23/0058,fft_notch,"{""channels"": ""ycc"", ""k"": 6, ""r0"": 0.04, ""sigma"": 4}",20.23557812153217
train/pair_mi_23/0058,fft_notch,"{""channels"": ""ycc"", ""k"": 6, ""r0"": 0.08, ""sigma"": 1}",20.23557812153217
train/pair_mi_23/0058,fft_notch,"{""channels"": ""ycc"", ""k"": 6, ""r0"": 0.08, ""sigma"": 2}",20.23557812153217
train/pair_mi_23/0058,fft_notch,"{""channels"": ""ycc"", ""k"": 6, ""r0"": 0.08, ""sigma"": 4}",20.23557812153217
train/pair_mi_23/0058,fft_notch_local,"{""channels"": ""y"", ""k"": 3, ""r0"": 0.1, ""sigma"": 1}",21.394513447097545
train/pair_mi_23/0058,fft_notch_local,"{""channels"": ""y"", ""k"": 3, ""r0"": 0.1, ""sigma"": 2}",21.463501744607022
train/pair_mi_23/0058,fft_notch_local,"{""channels"": ""y"", ""k"": 4, ""r0"": 0.1, ""sigma"": 1}",21.3726486188822
train/pair_mi_23/0058,fft_notch_local,"{""channels"": ""y"", ""k"": 4, ""r0"": 0.1, ""sigma"": 2}",21.437080030978723
train/pair_mi_23/0058,fft_notch_local,"{""channels"": ""y"", ""k"": 6, ""r0"": 0.1, ""sigma"": 1}",20.85518798966531
train/pair_mi_23/0058,fft_notch_local,"{""channels"": ""y"", ""k"": 6, ""r0"": 0.1, ""sigma"": 2}",20.886362499751105
train/pair_mi_23/0107,identity,{},18.305470042404163
train/pair_mi_23/0107,chroma_lowpass,"{""sigma"": 1}",18.309228633490456
train/pair_mi_23/0107,chroma_lowpass,"{""sigma"": 2}",18.31211311471008
train/pair_mi_23/0107,chroma_lowpass,"{""sigma"": 4}",18.31687947460245
train/pair_mi_23/0107,chroma_lowpass,"{""sigma"": 8}",18.32214075286577
train/pair_mi_23/0107,fft_notch,"{""channels"": ""y"", ""k"": 3, ""r0"": 0.02, ""sigma"": 1}",18.31039801706383
train/pair_mi_23/0107,fft_notch,"{""channels"": ""y"", ""k"": 3, ""r0"": 0.02, ""sigma"": 2}",18.311691811348535
train/pair_mi_23/0107,fft_notch,"{""channels"": ""y"", ""k"": 3, ""r0"": 0.02, ""sigma"": 4}",18.313885192939992
train/pair_mi_23/0107,fft_notch,"{""channels"": ""y"", ""k"": 3, ""r0"": 0.04, ""sigma"": 1}",18.31039801706383
train/pair_mi_23/0107,fft_notch,"{""channels"": ""y"", ""k"": 3, ""r0"": 0.04, ""sigma"": 2}",18.311691811348535
train/pair_mi_23/0107,fft_notch,"{""channels"": ""y"", ""k"": 3, ""r0"": 0.04, ""sigma"": 4}",18.313885192939992
train/pair_mi_23/0107,fft_notch,"{""channels"": ""y"", ""k"": 3, ""r0"": 0.08, ""sigma"": 1}",18.31039801706383
train/pair_mi_23/0107,fft_notch,"{""channels"": ""y"", ""k"": 3, ""r0"": 0.08, ""sigma"": 2}",18.311691811348535
train/pair_mi_23/0107,fft_notch,"{""channels"": ""y"", ""k"": 3, ""r0"": 0.08, ""sigma"": 4}",18.313885192939992
train/pair_mi_23/0107,fft_notch,"{""channels"": ""y"", ""k"": 4, ""r0"": 0.02, ""sigma"": 1}",18.309122026412908
train/pair_mi_23/0107,fft_notch,"{""channels"": ""y"", ""k"": 4, ""r0"": 0.02, ""sigma"": 2}",18.309349281266684
train/pair_mi_23/0107,fft_notch,"{""channels"": ""y"", ""k"": 4, ""r0"": 0.02, ""sigma"": 4}",18.310189680291607
train/pair_mi_23/0107,fft_notch,"{""channels"": ""y"", ""k"": 4, ""r0"": 0.04, ""sigma"": 1}",18.309122026412908
train/pair_mi_23/0107,fft_notch,"{""channels"": ""y"", ""k"": 4, ""r0"": 0.04, ""sigma"": 2}",18.309349281266684
train/pair_mi_23/0107,fft_notch,"{""channels"": ""y"", ""k"": 4, ""r0"": 0.04, ""sigma"": 4}",18.310189680291607
train/pair_mi_23/0107,fft_notch,"{""channels"": ""y"", ""k"": 4, ""r0"": 0.08, ""sigma"": 1}",18.309122026412908
train/pair_mi_23/0107,fft_notch,"{""channels"": ""y"", ""k"": 4, ""r0"": 0.08, ""sigma"": 2}",18.309349281266684
train/pair_mi_23/0107,fft_notch,"{""channels"": ""y"", ""k"": 4, ""r0"": 0.08, ""sigma"": 4}",18.310189680291607
train/pair_mi_23/0107,fft_notch,"{""channels"": ""y"", ""k"": 6, ""r0"": 0.02, ""sigma"": 1}",18.305470042404163
train/pair_mi_23/0107,fft_notch,"{""channels"": ""y"", ""k"": 6, ""r0"": 0.02, ""sigma"": 2}",18.305470042404163
train/pair_mi_23/0107,fft_notch,"{""channels"": ""y"", ""k"": 6, ""r0"": 0.02, ""sigma"": 4}",18.305470042404163
train/pair_mi_23/0107,fft_notch,"{""channels"": ""y"", ""k"": 6, ""r0"": 0.04, ""sigma"": 1}",18.305470042404163
train/pair_mi_23/0107,fft_notch,"{""channels"": ""y"", ""k"": 6, ""r0"": 0.04, ""sigma"": 2}",18.305470042404163
train/pair_mi_23/0107,fft_notch,"{""channels"": ""y"", ""k"": 6, ""r0"": 0.04, ""sigma"": 4}",18.305470042404163
train/pair_mi_23/0107,fft_notch,"{""channels"": ""y"", ""k"": 6, ""r0"": 0.08, ""sigma"": 1}",18.305470042404163
train/pair_mi_23/0107,fft_notch,"{""channels"": ""y"", ""k"": 6, ""r0"": 0.08, ""sigma"": 2}",18.305470042404163
train/pair_mi_23/0107,fft_notch,"{""channels"": ""y"", ""k"": 6, ""r0"": 0.08, ""sigma"": 4}",18.305470042404163
train/pair_mi_23/0107,fft_notch,"{""channels"": ""ycc"", ""k"": 3, ""r0"": 0.02, ""sigma"": 1}",18.310533767386573
train/pair_mi_23/0107,fft_notch,"{""channels"": ""ycc"", ""k"": 3, ""r0"": 0.02, ""sigma"": 2}",18.31175642356678
train/pair_mi_23/0107,fft_notch,"{""channels"": ""ycc"", ""k"": 3, ""r0"": 0.02, ""sigma"": 4}",18.31379866465059
train/pair_mi_23/0107,fft_notch,"{""channels"": ""ycc"", ""k"": 3, ""r0"": 0.04, ""sigma"": 1}",18.310533767386573
train/pair_mi_23/0107,fft_notch,"{""channels"": ""ycc"", ""k"": 3, ""r0"": 0.04, ""sigma"": 2}",18.31175642356678
train/pair_mi_23/0107,fft_notch,"{""channels"": ""ycc"", ""k"": 3, ""r0"": 0.04, ""sigma"": 4}",18.31379866465059
train/pair_mi_23/0107,fft_notch,"{""channels"": ""ycc"", ""k"": 3, ""r0"": 0.08, ""sigma"": 1}",18.310507582853557
train/pair_mi_23/0107,fft_notch,"{""channels"": ""ycc"", ""k"": 3, ""r0"": 0.08, ""sigma"": 2}",18.311717161478207
train/pair_mi_23/0107,fft_notch,"{""channels"": ""ycc"", ""k"": 3, ""r0"": 0.08, ""sigma"": 4}",18.313747909385313
train/pair_mi_23/0107,fft_notch,"{""channels"": ""ycc"", ""k"": 4, ""r0"": 0.02, ""sigma"": 1}",18.309132759570158
train/pair_mi_23/0107,fft_notch,"{""channels"": ""ycc"", ""k"": 4, ""r0"": 0.02, ""sigma"": 2}",18.30940631319605
train/pair_mi_23/0107,fft_notch,"{""channels"": ""ycc"", ""k"": 4, ""r0"": 0.02, ""sigma"": 4}",18.31027911101794
train/pair_mi_23/0107,fft_notch,"{""channels"": ""ycc"", ""k"": 4, ""r0"": 0.04, ""sigma"": 1}",18.309132759570158
train/pair_mi_23/0107,fft_notch,"{""channels"": ""ycc"", ""k"": 4, ""r0"": 0.04, ""sigma"": 2}",18.30940631319605
train/pair_mi_23/0107,fft_notch,"{""channels"": ""ycc"", ""k"": 4, ""r0"": 0.04, ""sigma"": 4}",18.31027911101794
train/pair_mi_23/0107,fft_notch,"{""channels"": ""ycc"", ""k"": 4, ""r0"": 0.08, ""sigma"": 1}",18.309132759570158
train/pair_mi_23/0107,fft_notch,"{""channels"": ""ycc"", ""k"": 4, ""r0"": 0.08, ""sigma"": 2}",18.30940631319605
train/pair_mi_23/0107,fft_notch,"{""channels"": ""ycc"", ""k"": 4, ""r0"": 0.08, ""sigma"": 4}",18.31027911101794
train/pair_mi_23/0107,fft_notch,"{""channels"": ""ycc"", ""k"": 6, ""r0"": 0.02, ""sigma"": 1}",18.305470042404163
train/pair_mi_23/0107,fft_notch,"{""channels"": ""ycc"", ""k"": 6, ""r0"": 0.02, ""sigma"": 2}",18.305470042404163
train/pair_mi_23/0107,fft_notch,"{""channels"": ""ycc"", ""k"": 6, ""r0"": 0.02, ""sigma"": 4}",18.305470042404163
train/pair_mi_23/0107,fft_notch,"{""channels"": ""ycc"", ""k"": 6, ""r0"": 0.04, ""sigma"": 1}",18.305470042404163
train/pair_mi_23/0107,fft_notch,"{""channels"": ""ycc"", ""k"": 6, ""r0"": 0.04, ""sigma"": 2}",18.305470042404163
train/pair_mi_23/0107,fft_notch,"{""channels"": ""ycc"", ""k"": 6, ""r0"": 0.04, ""sigma"": 4}",18.305470042404163
train/pair_mi_23/0107,fft_notch,"{""channels"": ""ycc"", ""k"": 6, ""r0"": 0.08, ""sigma"": 1}",18.305470042404163
train/pair_mi_23/0107,fft_notch,"{""channels"": ""ycc"", ""k"": 6, ""r0"": 0.08, ""sigma"": 2}",18.305470042404163
train/pair_mi_23/0107,fft_notch,"{""channels"": ""ycc"", ""k"": 6, ""r0"": 0.08, ""sigma"": 4}",18.305470042404163
train/pair_mi_23/0107,fft_notch_local,"{""channels"": ""y"", ""k"": 3, ""r0"": 0.1, ""sigma"": 1}",19.63438368246714
train/pair_mi_23/0107,fft_notch_local,"{""channels"": ""y"", ""k"": 3, ""r0"": 0.1, ""sigma"": 2}",19.709300535467055
train/pair_mi_23/0107,fft_notch_local,"{""channels"": ""y"", ""k"": 4, ""r0"": 0.1, ""sigma"": 1}",19.602294415739895
train/pair_mi_23/0107,fft_notch_local,"{""channels"": ""y"", ""k"": 4, ""r0"": 0.1, ""sigma"": 2}",19.6686643277564
train/pair_mi_23/0107,fft_notch_local,"{""channels"": ""y"", ""k"": 6, ""r0"": 0.1, ""sigma"": 1}",19.08483470866762
train/pair_mi_23/0107,fft_notch_local,"{""channels"": ""y"", ""k"": 6, ""r0"": 0.1, ""sigma"": 2}",19.117439159007446
train/pair_mi_23/0178,identity,{},14.003360592788937
train/pair_mi_23/0178,chroma_lowpass,"{""sigma"": 1}",14.00369346835943
train/pair_mi_23/0178,chroma_lowpass,"{""sigma"": 2}",14.004150858754109
train/pair_mi_23/0178,chroma_lowpass,"{""sigma"": 4}",14.003934978655433
train/pair_mi_23/0178,chroma_lowpass,"{""sigma"": 8}",14.000092990820164
train/pair_mi_23/0178,fft_notch,"{""channels"": ""y"", ""k"": 3, ""r0"": 0.02, ""sigma"": 1}",14.07885317004185
train/pair_mi_23/0178,fft_notch,"{""channels"": ""y"", ""k"": 3, ""r0"": 0.02, ""sigma"": 2}",14.140408555830057
train/pair_mi_23/0178,fft_notch,"{""channels"": ""y"", ""k"": 3, ""r0"": 0.02, ""sigma"": 4}",14.212006155630075
train/pair_mi_23/0178,fft_notch,"{""channels"": ""y"", ""k"": 3, ""r0"": 0.04, ""sigma"": 1}",14.07885317004185
train/pair_mi_23/0178,fft_notch,"{""channels"": ""y"", ""k"": 3, ""r0"": 0.04, ""sigma"": 2}",14.140408555830057
train/pair_mi_23/0178,fft_notch,"{""channels"": ""y"", ""k"": 3, ""r0"": 0.04, ""sigma"": 4}",14.212006155630075
train/pair_mi_23/0178,fft_notch,"{""channels"": ""y"", ""k"": 3, ""r0"": 0.08, ""sigma"": 1}",14.07885317004185
train/pair_mi_23/0178,fft_notch,"{""channels"": ""y"", ""k"": 3, ""r0"": 0.08, ""sigma"": 2}",14.140408555830057
train/pair_mi_23/0178,fft_notch,"{""channels"": ""y"", ""k"": 3, ""r0"": 0.08, ""sigma"": 4}",14.212006155630075
train/pair_mi_23/0178,fft_notch,"{""channels"": ""y"", ""k"": 4, ""r0"": 0.02, ""sigma"": 1}",14.073380837408926
train/pair_mi_23/0178,fft_notch,"{""channels"": ""y"", ""k"": 4, ""r0"": 0.02, ""sigma"": 2}",14.130131305281111
train/pair_mi_23/0178,fft_notch,"{""channels"": ""y"", ""k"": 4, ""r0"": 0.02, ""sigma"": 4}",14.198089161161576
train/pair_mi_23/0178,fft_notch,"{""channels"": ""y"", ""k"": 4, ""r0"": 0.04, ""sigma"": 1}",14.073380837408926
train/pair_mi_23/0178,fft_notch,"{""channels"": ""y"", ""k"": 4, ""r0"": 0.04, ""sigma"": 2}",14.130131305281111
train/pair_mi_23/0178,fft_notch,"{""channels"": ""y"", ""k"": 4, ""r0"": 0.04, ""sigma"": 4}",14.198089161161576
train/pair_mi_23/0178,fft_notch,"{""channels"": ""y"", ""k"": 4, ""r0"": 0.08, ""sigma"": 1}",14.073380837408926
train/pair_mi_23/0178,fft_notch,"{""channels"": ""y"", ""k"": 4, ""r0"": 0.08, ""sigma"": 2}",14.130131305281111
train/pair_mi_23/0178,fft_notch,"{""channels"": ""y"", ""k"": 4, ""r0"": 0.08, ""sigma"": 4}",14.198089161161576
train/pair_mi_23/0178,fft_notch,"{""channels"": ""y"", ""k"": 6, ""r0"": 0.02, ""sigma"": 1}",14.003360592788937
train/pair_mi_23/0178,fft_notch,"{""channels"": ""y"", ""k"": 6, ""r0"": 0.02, ""sigma"": 2}",14.003360592788937
train/pair_mi_23/0178,fft_notch,"{""channels"": ""y"", ""k"": 6, ""r0"": 0.02, ""sigma"": 4}",14.003360592788937
train/pair_mi_23/0178,fft_notch,"{""channels"": ""y"", ""k"": 6, ""r0"": 0.04, ""sigma"": 1}",14.003360592788937
train/pair_mi_23/0178,fft_notch,"{""channels"": ""y"", ""k"": 6, ""r0"": 0.04, ""sigma"": 2}",14.003360592788937
train/pair_mi_23/0178,fft_notch,"{""channels"": ""y"", ""k"": 6, ""r0"": 0.04, ""sigma"": 4}",14.003360592788937
train/pair_mi_23/0178,fft_notch,"{""channels"": ""y"", ""k"": 6, ""r0"": 0.08, ""sigma"": 1}",14.003360592788937
train/pair_mi_23/0178,fft_notch,"{""channels"": ""y"", ""k"": 6, ""r0"": 0.08, ""sigma"": 2}",14.003360592788937
train/pair_mi_23/0178,fft_notch,"{""channels"": ""y"", ""k"": 6, ""r0"": 0.08, ""sigma"": 4}",14.003360592788937
train/pair_mi_23/0178,fft_notch,"{""channels"": ""ycc"", ""k"": 3, ""r0"": 0.02, ""sigma"": 1}",14.078835646068393
train/pair_mi_23/0178,fft_notch,"{""channels"": ""ycc"", ""k"": 3, ""r0"": 0.02, ""sigma"": 2}",14.14043469894761
train/pair_mi_23/0178,fft_notch,"{""channels"": ""ycc"", ""k"": 3, ""r0"": 0.02, ""sigma"": 4}",14.211962326786711
train/pair_mi_23/0178,fft_notch,"{""channels"": ""ycc"", ""k"": 3, ""r0"": 0.04, ""sigma"": 1}",14.078835646068393
train/pair_mi_23/0178,fft_notch,"{""channels"": ""ycc"", ""k"": 3, ""r0"": 0.04, ""sigma"": 2}",14.14043469894761
train/pair_mi_23/0178,fft_notch,"{""channels"": ""ycc"", ""k"": 3, ""r0"": 0.04, ""sigma"": 4}",14.211962326786711
train/pair_mi_23/0178,fft_notch,"{""channels"": ""ycc"", ""k"": 3, ""r0"": 0.08, ""sigma"": 1}",14.078850299075107
train/pair_mi_23/0178,fft_notch,"{""channels"": ""ycc"", ""k"": 3, ""r0"": 0.08, ""sigma"": 2}",14.140412465713815
train/pair_mi_23/0178,fft_notch,"{""channels"": ""ycc"", ""k"": 3, ""r0"": 0.08, ""sigma"": 4}",14.212032706652113
train/pair_mi_23/0178,fft_notch,"{""channels"": ""ycc"", ""k"": 4, ""r0"": 0.02, ""sigma"": 1}",14.07337989695258
train/pair_mi_23/0178,fft_notch,"{""channels"": ""ycc"", ""k"": 4, ""r0"": 0.02, ""sigma"": 2}",14.130166835901596
train/pair_mi_23/0178,fft_notch,"{""channels"": ""ycc"", ""k"": 4, ""r0"": 0.02, ""sigma"": 4}",14.198133767041373
train/pair_mi_23/0178,fft_notch,"{""channels"": ""ycc"", ""k"": 4, ""r0"": 0.04, ""sigma"": 1}",14.07337989695258
train/pair_mi_23/0178,fft_notch,"{""channels"": ""ycc"", ""k"": 4, ""r0"": 0.04, ""sigma"": 2}",14.130166835901596
train/pair_mi_23/0178,fft_notch,"{""channels"": ""ycc"", ""k"": 4, ""r0"": 0.04, ""sigma"": 4}",14.198133767041373
train/pair_mi_23/0178,fft_notch,"{""channels"": ""ycc"", ""k"": 4, ""r0"": 0.08, ""sigma"": 1}",14.07337989695258
train/pair_mi_23/0178,fft_notch,"{""channels"": ""ycc"", ""k"": 4, ""r0"": 0.08, ""sigma"": 2}",14.130166835901596
train/pair_mi_23/0178,fft_notch,"{""channels"": ""ycc"", ""k"": 4, ""r0"": 0.08, ""sigma"": 4}",14.198133767041373
train/pair_mi_23/0178,fft_notch,"{""channels"": ""ycc"", ""k"": 6, ""r0"": 0.02, ""sigma"": 1}",14.003360592788937
train/pair_mi_23/0178,fft_notch,"{""channels"": ""ycc"", ""k"": 6, ""r0"": 0.02, ""sigma"": 2}",14.003360592788937
train/pair_mi_23/0178,fft_notch,"{""channels"": ""ycc"", ""k"": 6, ""r0"": 0.02, ""sigma"": 4}",14.003360592788937
train/pair_mi_23/0178,fft_notch,"{""channels"": ""ycc"", ""k"": 6, ""r0"": 0.04, ""sigma"": 1}",14.003360592788937
train/pair_mi_23/0178,fft_notch,"{""channels"": ""ycc"", ""k"": 6, ""r0"": 0.04, ""sigma"": 2}",14.003360592788937
train/pair_mi_23/0178,fft_notch,"{""channels"": ""ycc"", ""k"": 6, ""r0"": 0.04, ""sigma"": 4}",14.003360592788937
train/pair_mi_23/0178,fft_notch,"{""channels"": ""ycc"", ""k"": 6, ""r0"": 0.08, ""sigma"": 1}",14.003360592788937
train/pair_mi_23/0178,fft_notch,"{""channels"": ""ycc"", ""k"": 6, ""r0"": 0.08, ""sigma"": 2}",14.003360592788937
train/pair_mi_23/0178,fft_notch,"{""channels"": ""ycc"", ""k"": 6, ""r0"": 0.08, ""sigma"": 4}",14.003360592788937
train/pair_mi_23/0178,fft_notch_local,"{""channels"": ""y"", ""k"": 3, ""r0"": 0.1, ""sigma"": 1}",14.80938757690556
train/pair_mi_23/0178,fft_notch_local,"{""channels"": ""y"", ""k"": 3, ""r0"": 0.1, ""sigma"": 2}",14.839846516955138
train/pair_mi_23/0178,fft_notch_local,"{""channels"": ""y"", ""k"": 4, ""r0"": 0.1, ""sigma"": 1}",14.803801679316905
train/pair_mi_23/0178,fft_notch_local,"{""channels"": ""y"", ""k"": 4, ""r0"": 0.1, ""sigma"": 2}",14.833325024202423
train/pair_mi_23/0178,fft_notch_local,"{""channels"": ""y"", ""k"": 6, ""r0"": 0.1, ""sigma"": 1}",14.359089435954102
train/pair_mi_23/0178,fft_notch_local,"{""channels"": ""y"", ""k"": 6, ""r0"": 0.1, ""sigma"": 2}",14.371624593881858
